BRANCH,SERVICE HOURS,ADDRESS,CITY,STATE,ZIP,PHONE,WEBSITE,BRANCH EMAIL,LONGITUDE,LATITUDE
Albany Park,"Mon. & Wed., 10-6; Tues. & Thurs., Noon-8; Fri. & Sat., 9-5; Sun., 1-5",3401 W. Foster Ave.,Chicago,IL,60625,(773) 539-5450,https://www.chipublib.org/locations/3/,albanypark@chipublib.org,-87.71361315,41.97557882
Altgeld,"Mon. & Wed., Noon-8; Tue. & Thu., 10-6; Fri. & Sat., 9-5; Sun., 1-5",955 E. 131st St.,Chicago,IL,60827,(312) 747-3270,https://www.chipublib.org/locations/4/,altgeld@chipublib.org,-87.59883829,41.65719848
Archer Heights,"Mon. & Wed., Noon-8; Tue. & Thu., 10-6; Fri. & Sat., 9-5; Sun., 1-5",5055 S. Archer Ave.,Chicago,IL,60632,(312) 747-9241,https://www.chipublib.org/locations/5/,archerheights@chipublib.org,-87.72648386,41.80110836
Austin,"Mon. & Wed., Noon-8; Tues. & Thurs., 10-6; Fri. & Sat., 9-5; Sun., 1-5",5615 W. Race Ave.,Chicago,IL,60644,(312) 746-5038,https://www.chipublib.org/locations/6/,austin@chipublib.org,-87.76582036,41.88917312
Austin-Irving,"Mon. & Wed., Noon-8; Tue. & Thu., 10-6; Fri. & Sat., 9-5; Sun., 1-5",6100 W. Irving Park Rd.,Chicago,IL,60634,(312) 744-6222,https://www.chipublib.org/locations/7/,austin-irving@chipublib.org,-87.77928489,41.95312268
Avalon,"Mon. & Wed., Noon-8; Tue. & Thu., 10-6; Fri. & Sat., 9-5; Sun., 1-5",8148 S. Stony Island Ave.,Chicago,IL,60617,(312) 747-5234,https://www.chipublib.org/locations/8/,avalon@chipublib.org,-87.58600537,41.74639304
Back of the Yards,"Mon. & Wed., 10-6; Tues. & Thurs., Noon-8; Fri. & Sat., 9-5; Sun., 1-5",2111 W. 47th St.,Chicago,IL,60609,(312) 747-9595,https://www.chipublib.org/locations/9/,backoftheyards@chipublib.org,-87.67756964,41.80838442
Beverly,"Mon. & Wed., Noon-8; Tue. & Thu., 10-6; Fri. & Sat., 9-5; Sun., 1-5",1962 W. 95th St.,Chicago,IL,60643,(312) 747-9673,https://www.chipublib.org/locations/10/,beverly@chipublib.org,-87.67214621,41.72118979
Bezazian,"Mon. & Wed., Noon-8; Tue. & Thu., 10-6; Fri. & Sat., 9-5; Sun., 1-5",1226 W. Ainslie St.,Chicago,IL,60640,(312) 744-0019,https://www.chipublib.org/locations/11/,bezazian@chipublib.org,-87.66095348,41.97155144
Blackstone,"Mon. & Wed., Noon-8; Tue. & Thu., 10-6; Fri. & Sat., 9-5; Sun., 1-5",4904 S. Lake Park Ave.,Chicago,IL,60615,(312) 747-0511,https://www.chipublib.org/locations/12/,blackstone@chipublib.org,-87.58923749,41.80549277
Brainerd,"Mon. & Wed., 10-6; Tues. & Thurs., Noon-8; Fri. & Sat., 9-5; Sun., 1-5",1350 W. 89th St.,Chicago,IL,60620,(312) 747-6291,https://www.chipublib.org/locations/13/,brainerd@chipublib.org,-87.65772893,41.73244482
Brighton Park,"Mon. & Wed., 10-6; Tues. & Thurs., Noon-8; Fri. & Sat., 9-5; Sun., 1-5",4314 S. Archer Ave.,Chicago,IL,60632,(312) 747-0666,https://www.chipublib.org/locations/14/,brightonpark@chipublib.org,-87.70273371,41.81516028
Bucktown-Wicker Park,"Mon. & Wed., Noon-8; Tue. & Thu., 10-6; Fri. & Sat., 9-5; Sun.,  1-5",1701 N. Milwaukee Ave.,Chicago,IL,60647,(312) 744-6022,https://www.chipublib.org/locations/15/,bucktown-wickerpark@chipublib.org,-87.68029967,41.91235488
Budlong Woods,"Mon. & Wed., Noon-8; Tue. & Thu., 10-6; Fri. & Sat., 9-5; Sun., 1-5",5630 N. Lincoln Ave.,Chicago,IL,60659,(312) 742-9590,https://www.chipublib.org/locations/16/,budlongwoods@chipublib.org,-87.69631577,41.98369798
Canaryville,"Mon. & Wed., Noon-8; Tue. & Thu., 10-6; Fri. & Sat., 9-5; Sun., 1-5",642 W. 43rd St.,Chicago,IL,60609,(312) 747-0644,https://www.chipublib.org/locations/17/,canaryville@chipublib.org,-87.64256828,41.81634394
Chicago Bee,"Mon. & Wed., Noon-8; Tue. & Thu., 10-6; Fri. & Sat., 9-5; Sun., 1-5",3647 S. State St.,Chicago,IL,60609,(312) 747-6872,https://www.chipublib.org/locations/18/,chicagobee@chipublib.org,-87.62634954,41.82824306
Chicago Lawn,"Mon. & Wed., 10-6; Tues. & Thurs., Noon-8; Fri. & Sat., 9-5; Sun., 1-5",6120 S. Kedzie Ave.,Chicago,IL,60629,(312) 747-0639,https://www.chipublib.org/locations/19/,chicagolawn@chipublib.org,-87.70336809,41.7819768
Chinatown,"Mon. & Wed., Noon-8; Tue. & Thu., 10-6; Fri. & Sat., 9-5; Sun., 1-5",2100 S. Wentworth Ave.,Chicago,IL,60616,(312) 747-8013,https://www.chipublib.org/locations/20/,chinatown@chipublib.org,-87.63195792,41.85412074
Clearing,"Mon. & Wed., Noon-8; Tue. & Thu., 10-6; Fri. & Sat., 9-5; Sun., 1-5",6423 W. 63rd Pl.,Chicago,IL,60638,(312) 747-5657,https://www.chipublib.org/locations/21/,clearing@chipublib.org,-87.78218758,41.77665268
Coleman,"Mon. & Wed., Noon-8; Tue. & Thu., 10-6; Fri. & Sat., 9-5; Sun., 1-5",731 E. 63rd St.,Chicago,IL,60637,(312) 747-7760,https://www.chipublib.org/locations/22/,coleman@chipublib.org,-87.60712229,41.78028267
"Daley, Richard J.","Mon. & Wed., 10-6; Tues. & Thurs., Noon-8; Fri. & Sat., 9-5; Sun., 1-5",3400 S. Halsted St.,Chicago,IL,60608,(312) 747-8990,https://www.chipublib.org/locations/23/,daley@chipublib.org,-87.64629981,41.83279768
"Daley, Richard M.","Mon. & Wed., 10-6; Tues. & Thurs., Noon-8; Fri. & Sat., 9-5; Sun., 1-5",733 N. Kedzie Ave.,Chicago,IL,60612,(312) 743-0555,https://www.chipublib.org/locations/24/,richardmdaley@chipublib.org,-87.70638418,41.89472666
Douglass,"Mon. & Wed., 10-6; Tues. & Thurs., Noon-8; Fri. & Sat., 9-5; Sun., 1-5",3353 W. 13th St.,Chicago,IL,60623,(312) 747-3725,https://www.chipublib.org/locations/25/,douglass@chipublib.org,-87.71017466,41.86441239
Dunning,"Mon. & Wed., Noon-8; Tue. & Thu., 10-6; Fri. & Sat., 9-5; Sun., 1-5",7455 W. Cornelia Ave.,Chicago,IL,60634,(312) 743-0480,https://www.chipublib.org/locations/26/,dunning@chipublib.org,-87.81395164,41.94319949
Edgebrook,"Mon. & Wed., Noon-8; Tue. & Thu., 10-6; Fri. & Sat., 9-5; Sun., 1-5",5331 W. Devon Ave.,Chicago,IL,60646,(312) 744-8313,https://www.chipublib.org/locations/27/,edgebrook@chipublib.org,-87.76211752,41.99721337
Edgewater,"Mon. & Wed., 10-6; Tues. & Thurs., Noon-8; Fri. & Sat., 9-5; Sun., 1-5",6000 N. Broadway St.,Chicago,IL,60660,(312) 742-1945,https://www.chipublib.org/locations/28/,edgewater@chipublib.org,-87.66044275,41.99095924
Gage Park,"Mon. & Wed., 10-6; Tues. & Thurs., Noon-8; Fri. & Sat., 9-5; Sun., 1-5",2807 W. 55th St.,Chicago,IL,60632,(312) 747-0032,https://www.chipublib.org/locations/29/,gagepark@chipublib.org,-87.69413004,41.79357525
Galewood-Mont Clare,Closed until further notice,6871 W. Belden Ave.,Chicago,IL,60707,,https://www.chipublib.org/locations/30/,galewood-montclare@chipublib.org,-87.79791006,41.92103326
Garfield Ridge,"Mon. & Wed., 10-6; Tues. & Thurs., Noon-8; Fri. & Sat., 9-5; Sun., 1-5",6348 S. Archer Ave.,Chicago,IL,60638,(312) 747-6094,https://www.chipublib.org/locations/31/,garfieldridge@chipublib.org,-87.78013459,41.7929158
Greater Grand Crossing,"Mon. & Wed., Noon-8; Tue. & Thu., 10-6; Fri. & Sat., 9-5; Sun., 1-5",1000 E. 73rd St.,Chicago,IL,60619,(312) 745-1608,https://www.chipublib.org/locations/32/,greatergrandcrossing@chipublib.org,-87.60051217,41.76239542
Hall,"Mon. & Wed., 10-6; Tues. & Thurs., Noon-8; Fri. & Sat., 9-5; Sun., 1-5",4801 S. Michigan Ave.,Chicago,IL,60615,(312) 747-2541,https://www.chipublib.org/locations/33/,hall@chipublib.org,-87.6226372,41.80737785
Harold Washtington Library Center,"Mon. - Thurs., 9-8; Fri. & Sat., 9-5; Sun., 1-5",400 S. State St.,Chicago,IL,60605,(312) 747-4300,https://www.chipublib.org/locations/34/,hwlc@chipublib.org,-87.62779697,41.87686253
Hegewisch,"Mon. & Wed., 10-6; Tues. & Thurs., Noon-8; Fri. & Sat., 9-5; Sun., 1-5",3048 E. 130th St.,Chicago,IL,60633,(312) 747-0046,https://www.chipublib.org/locations/35/,hegewisch@chipublib.org,-87.54881978,41.6592766
Humboldt Park,"Mon. & Wed., Noon-8; Tue. & Thu., 10-6; Fri. & Sat., 9-5; Sun., 1-5",1605 N. Troy St.,Chicago,IL,60647,(312) 744-2244,https://www.chipublib.org/locations/36/,humboldtpark@chipublib.org,-87.70551941,41.91033231
Independence,"Mon. & Wed., 10-6; Tues. & Thurs., Noon-8; Fri. & Sat., 9-5; Sun., 1-5",4024 N. Elston Ave.,Chicago,IL,60618,(312) 744-0900,https://www.chipublib.org/locations/37/,independence@chipublib.org,-87.72001556,41.95413886
Jefferson Park,"Mon. & Wed., 10-6; Tues. & Thurs., Noon-8; Fri. & Sat., 9-5; Sun., 1-5",5363 W. Lawrence Ave.,Chicago,IL,60630,(312) 744-1998,https://www.chipublib.org/locations/38/,jeffersonpark@chipublib.org,-87.76176748,41.96750826
Jeffery Manor,"Mon. & Wed., 10-6; Tues. & Thurs., Noon-8; Fri. & Sat., 9-5; Sun., 1-5",2401 E. 100th St.,Chicago,IL,60617,(312) 747-6479,https://www.chipublib.org/locations/39/,jefferymanor@chipublib.org,-87.56573414,41.71340054
Kelly,"Mon. & Wed., 10-6; Tues. & Thurs., Noon-8; Fri. & Sat., 9-5; Sun., 1-5",6151 S. Normal Blvd.,Chicago,IL,60621,(312) 747-8418,https://www.chipublib.org/locations/40/,kellylibrary@chipublib.org,-87.63738794,41.7820257
King,"Mon. & Wed., 10-6; Tues. & Thurs., Noon-8; Fri. & Sat., 9-5; Sun., 1-5",3436 S. King Dr.,Chicago,IL,60616,(312) 747-7543,https://www.chipublib.org/locations/41/,king@chipublib.org,-87.61747228,41.8317513
Legler Regional,"Mon. - Thurs., 9-8; Fri. & Sat., 9-5; Sun., 1-5",115 S. Pulaski Rd.,Chicago,IL,60624,(312) 746-7730,https://www.chipublib.org/locations/42/,legler@chipublib.org,-87.72547641,41.87934543
Lincoln Belmont,"Mon. & Wed., 10-6; Tues. & Thurs., Noon-8; Fri. & Sat., 9-5; Sun., 1-5",1659 W. Melrose St.,Chicago,IL,60657,(312) 744-0166,https://www.chipublib.org/locations/43/,lincolnbelmont@chipublib.org,-87.67102536,41.94046531
Lincoln Park,"Mon. & Wed., 10-6; Tues. & Thurs., Noon-8; Fri. & Sat., 9-5; Sun., 1-5",1150 W. Fullerton Ave.,Chicago,IL,60614,(312) 744-1926,https://www.chipublib.org/locations/44/,lincolnpark@chipublib.org,-87.65806218,41.92540664
Little Italy,"Mon. & Wed., Noon-8; Tue. & Thu., 10-6; Fri. & Sat., 9-5; Sun., 1-5",1336 W. Taylor St.,Chicago,IL,60607,(312) 746-5656,https://www.chipublib.org/locations/62/,littleitaly@chipublib.org,-87.66072613,41.86946341
Little Village,"Mon. & Wed., 10-6; Tues. & Thurs., Noon-8; Fri. & Sat., 9-5; Sun., 1-5",2311 S. Kedzie Ave.,Chicago,IL,60623,(312) 745-1862,https://www.chipublib.org/locations/45/,littlevillage@chipublib.org,-87.70504118,41.84959156
Logan Square,"Mon. & Wed., 10-6; Tues. & Thurs., Noon-8; Fri. & Sat., 9-5; Sun., 1-5",3030 W. Fullerton Ave.,Chicago,IL,60647,(312) 744-5295,https://www.chipublib.org/locations/46/,logansquare@chipublib.org,-87.70351905,41.92486038
Lozano,"Mon. & Wed., 10-6; Tues. & Thurs., Noon-8; Fri. & Sat., 9-5; Sun., 1-5",1805 S. Loomis St.,Chicago,IL,60608,(312) 746-4329,https://www.chipublib.org/locations/47/,lozano@chipublib.org,-87.66116376,41.85760123
Manning,"Mon. & Wed., Noon-8; Tues. & Thurs., 10-6; Fri. & Sat., 9-5; Sun., 1-5",6 S. Hoyne Ave.,Chicago,IL,60612,(312) 746-6800,https://www.chipublib.org/locations/48/,manning@chipublib.org,-87.67923505,41.88108556
Mayfair,"Mon. & Wed., Noon-8; Tue. & Thu., 10-6; Fri. & Sat., 9-5; Sun., 1-5",4400 W. Lawrence Ave.,Chicago,IL,60630,(312) 744-1254,https://www.chipublib.org/locations/49/,mayfair@chipublib.org,-87.73796878,41.96824277
McKinley Park,"Mon. & Wed., Noon-8; Tue. & Thu., 10-6; Fri. & Sat., 9-5; Sun., 1-5",1915 W. 35th St.,Chicago,IL,60609,(312) 747-6082,https://www.chipublib.org/locations/50/,mckinleypark@chipublib.org,-87.67349098,41.83030075
Merlo,"Mon. & Wed., Noon-8; Tue. & Thu., 10-6; Fri. & Sat., 9-5; Sun., 1-5",644 W. Belmont Ave.,Chicago,IL,60657,(312) 744-1139,https://www.chipublib.org/locations/51/,merlo@chipublib.org,-87.64602858,41.94013164
Mount Greenwood,"Mon. & Wed., 10-6; Tues. & Thurs., Noon-8; Fri. & Sat., 9-5; Sun., 1-5",11010 S. Kedzie Ave.,Chicago,IL,60655,(312) 747-2805,https://www.chipublib.org/locations/52/,mountgreenwood@chipublib.org,-87.70102478,41.69301581
Near North,"Mon. & Wed., Noon-8; Tue. & Thu., 10-6; Fri. & Sat., 9-5; Sun., 1-5",310 W. Division St.,Chicago,IL,60610,(312) 744-0991,https://www.chipublib.org/locations/53/,nearnorth@chipublib.org,-87.63660776,41.90393142
North Austin,"Mon. & Wed., Noon-8; Tue. & Thu., 10-6; Fri. & Sat., 9-5; Sun., 1-5",5724 W. North Ave.,Chicago,IL,60639,(312) 746-4233,https://www.chipublib.org/locations/54/,northaustin@chipublib.org,-87.76898327,41.90944483
North Pulaski,"Mon. & Wed., 10-6; Tues. & Thurs., Noon-8; Fri. & Sat., 9-5; Sun., 1-5",4300 W. North Ave.,Chicago,IL,60639,(312) 744-9573,https://www.chipublib.org/locations/55/,northpulaski@chipublib.org,-87.73376823,41.90989766
Northtown,"Mon. & Wed., 10-6; Tues. & Thurs., Noon-8; Fri. & Sat., 9-5; Sun., 1-5",6800 N. Western Ave.,Chicago,IL,60645,(312) 744-2292,https://www.chipublib.org/locations/56/,northtown@chipublib.org,-87.69021903,42.00507612
Oriole Park,"Mon. & Wed., Noon-8; Tue. & Thu., 10-6; Fri. & Sat., 9-5; Sun.,  1-5",7454 W. Balmoral Ave.,Chicago,IL,60656,(312) 744-1965,https://www.chipublib.org/locations/57/,oriolepark@chipublib.org,-87.8142003,41.97809811
Portage-Cragin,"Mon. & Wed., Noon-8; Tue. & Thu., 10-6; Fri. & Sat., 9-5; Sun., 1-5",5108 W. Belmont Ave.,Chicago,IL,60641,(312) 744-0152,https://www.chipublib.org/locations/58/,portage-cragin@chipublib.org,-87.75467117,41.93883597
Pullman,"Mon. & Wed., 10-6; Tues. & Thurs., Noon-8; Fri. & Sat., 9-5; Sun., 1-5",11001 S. Indiana Ave.,Chicago,IL,60628,(312) 747-2033,https://www.chipublib.org/locations/59/,pullman@chipublib.org,-87.61814141,41.69436482
Roden,"Mon. & Wed., 10-6; Tues. & Thurs., Noon-8; Fri. & Sat., 9-5; Sun., 1-5",6083 N. Northwest Hwy.,Chicago,IL,60631,(312) 744-1478,https://www.chipublib.org/locations/60/,roden@chipublib.org,-87.79820643,41.9919976
Rogers Park,"Mon. & Wed., Noon-8; Tue. & Thu., 10-6; Fri. & Sat., 9-5; Sun., 1-5",6907 N. Clark St.,Chicago,IL,60626,(312) 744-0156,https://www.chipublib.org/locations/61/,scottsdale@chipublib.org,-87.67330813,42.00682227
Scottsdale,"Mon. & Wed., 10-6; Tues. & Thurs., Noon-8; Fri. & Sat., 9-5; Sun., 1-5",4101 W. 79th St.,Chicago,IL,60652,(312) 747-0193,https://www.chipublib.org/locations/63/,scottsdale@chipublib.org,-87.72440869,41.74928543
Sherman Park,"Mon. & Wed., Noon-8; Tue. & Thu., 10-6; Fri. & Sat., 9-5; Sun., 1-5",5440 S. Racine Ave.,Chicago,IL,60609,(312) 747-0477,https://www.chipublib.org/locations/64/,shermanpark@chipublib.org,-87.65502838,41.79476902
South Chicago,"Mon. & Wed., Noon-8; Tue. & Thu., 10-6; Fri. & Sat., 9-5; Sun., 1-5",9055 S. Houston Ave.,Chicago,IL,60617,(312) 747-8065,https://www.chipublib.org/locations/65/,southchicago@chipublib.org,-87.54972659,41.73029772
South Shore,"Mon. & Wed., 10-6; Tues. & Thurs., Noon-8; Fri. & Sat., 9-5; Sun., 1-5",2505 E. 73rd St.,Chicago,IL,60649,(312) 747-5281,https://www.chipublib.org/locations/66/,southshore@chipublib.org,-87.56387694,41.76254142
Sulzer Regional Library,"Mon. - Thurs., 9-8; Fri. & Sat., 9-5; Sun., 1-5",4455 N. Lincoln Ave.,Chicago,IL,60625,(312) 744-7616,https://www.chipublib.org/locations/67/,sulzerregional@chipublib.org,-87.68469465,41.96296686
Thurgood Marshall,"Mon. & Wed., Noon-8; Tue. & Thu., 10-6; Fri. & Sat., 9-5; Sun., 1-5",7506 S. Racine Ave.,Chicago,IL,60620,(312) 747-5927,https://www.chipublib.org/locations/68/,thurgoodmarshall@chipublib.org,-87.65406438,41.75734388
Toman,"Mon. & Wed., Noon-8; Tue. & Thu., 10-6; Fri. & Sat., 9-5; Sun., 1-5",2708 S. Pulaski Rd.,Chicago,IL,60623,(312) 745-1660,https://www.chipublib.org/locations/69/,toman@chipublib.org,-87.72463966,41.8420861
Uptown,"Mon. & Wed., 10-6; Tues. & Thurs., Noon-8; Fri. & Sat., 9-5; Sun., 1-5",929 W. Buena Ave.,Chicago,IL,60613,(312) 744-8400,https://www.chipublib.org/locations/70/,uptown@chipublib.org,-87.65424744,41.95832306
Vodak-East Side,"Mon. & Wed., Noon-8; Tue. & Thu., 10-6; Fri. & Sat., 9-5; Sun., 1-5",3710 E. 106th St.,Chicago,IL,60617,(312) 747-5500,https://www.chipublib.org/locations/71/,vodak-eastside@chipublib.org,-87.61428978,41.70283444
Walker,"Mon. & Wed., 10-6; Tues. & Thurs., Noon-8; Fri. & Sat., 9-5; Sun., 1-5",11071 S. Hoyne Ave.,Chicago,IL,60643,(312) 747-1920,https://www.chipublib.org/locations/72/,walker@chipublib.org,-87.6739093,41.69198347
Water Works,"Mon.- Thurs., 10-6 Fri. & Sat., 9-5; Sun., 1-5",163 E. Pearson St.,Chicago,IL,60611,(312) 742-8811,https://www.chipublib.org/locations/73/,waterworks@chipublib.org,-87.62337777,41.89748407
West Belmont,"Mon. & Wed., 10-6; Tues. & Thurs., Noon-8; Fri. & Sat., 9-5; Sun., 1-5",3104 N. Narragansett Ave.,Chicago,IL,60611,(312) 746-5142,https://www.chipublib.org/locations/74/,westbelmont@chipublib.org,-87.78602401,41.93665219
West Chicago Avenue,"Mon. & Wed., 10-6; Tues. & Thurs., Noon-8; Fri. & Sat., 9-5; Sun., 1-5",4856 W. Chicago Ave.,Chicago,IL,60634,(312) 743-0260,https://www.chipublib.org/locations/75/,westchicago@chipublib.org,-87.74806073,41.8950961
West Englewood,"Mon. & Wed., Noon-8; Tue. & Thu., 10-6; Fri. & Sat., 9-5; Sun., 1-5",1745 W. 63rd St.,Chicago,IL,60651,(312) 747-3481,https://www.chipublib.org/locations/76/,westenglewood@chipublib.org,-87.66843344,41.77928204
West Lawn,"Mon. & Wed., Noon-8; Tue. & Thu., 10-6; Fri. & Sat., 9-5; Sun., 1-5",4020 W. 63rd St.,Chicago,IL,60636,(312) 747-7381,https://www.chipublib.org/locations/77/,westlawn@chipublib.org,-87.72374295,41.77875389
West Loop,"Mon. & Wed., 10-6; Tues. & Thurs., Noon-8; Fri. & Sat., 9-5; Sun., 1-5",122 N. Aberdeen St.,Chicago,IL,60607,(312) 744-2995,https://www.chipublib.org/locations/88/,westloop@chipublib.org,-87.65456505,41.8837105
West Pullman,"Mon. & Wed., Noon-8; Tue. & Thu., 10-6; Fri. & Sat., 9-5; Sun., 1-5",830 W. 119th St.,Chicago,IL,60643,(312) 747-1425,https://www.chipublib.org/locations/78/,westpullman@chipublib.org,-87.64316832,41.67790647
West Town,"Mon. & Wed., 10-6; Tues. & Thurs., Noon-8; Fri. & Sat., 9-5; Sun., 1-5",1625 W. Chicago Ave.,Chicago,IL,60622,(312) 743-0450,https://www.chipublib.org/locations/79/,westtown@chipublib.org,-87.66829305,41.8959473
"Whitney M. Young, Jr.","Mon. & Wed., 10-6; Tues. & Thurs., Noon-8; Fri. & Sat., 9-5; Sun., 1-5",415 East 79th St.,Chicago,IL,60619,(312) 747-0039,https://www.chipublib.org/locations/80/,whitneyyoung@chipublib.org,-87.61495065,41.75101846
Woodson Regional Library,"Mon. - Thurs., 9-8; Fri. & Sat., 9-5; Sun., 1-5",9525 S. Halsted St.,Chicago,IL,60628,(312) 747-6900,https://www.chipublib.org/locations/81/,woodsonregional@chipublib.org,-87.64304817,41.72069489
Wrightwood-Ashburn,"Mon. & Wed., Noon-8; Tue. & Thu., 10-6; Fri. & Sat., 9-5; Sun., 1-5",8530 S. Kedzie Ave.,Chicago,IL,60652,(312) 747-2696,https://www.chipublib.org/locations/82/,wrightwood-ashburn@chipublib.org,-87.70221598,41.73795705
