<?xml version="1.0" encoding="UTF-8"?>
<metadata xml:lang="en"><Esri><CreaDate>20210719</CreaDate><CreaTime>12501200</CreaTime><ArcGISFormat>1.0</ArcGISFormat><SyncOnce>FALSE</SyncOnce><DataProperties><lineage><Process ToolSource="c:\program files (x86)\arcgis\desktop10.4\ArcToolbox\Toolboxes\Data Management Tools.tbx\CalculateField" Date="20170906" Time="162343">CalculateField singleunit1880 unittype "single unit" VB #</Process><Process ToolSource="c:\program files (x86)\arcgis\desktop10.4\ArcToolbox\Toolboxes\Data Management Tools.tbx\CalculateField" Date="20171024" Time="113330">CalculateField singleunit1880 Match_addr_1 [Match_addr] VB #</Process><Process ToolSource="d:\program files\arcgis\desktop10.4\ArcToolbox\Toolboxes\Data Management Tools.tbx\CalculateField" Date="20171108" Time="150358">CalculateField singleunit1880v2 test gg( !Match_addr! , !address! ) PYTHON_9.3 "def gg(a,b):\n   if a==b:\n      return 1\n   else:\n      return 0\n\n\n\n"</Process><Process ToolSource="d:\program files\arcgis\desktop10.4\ArcToolbox\Toolboxes\Data Management Tools.tbx\CalculateField" Date="20171108" Time="150442">CalculateField singleunit1880v2 test gg( !Match_addr! , !address! ) PYTHON_9.3 "def gg(a,b):\n   if a==b:\n      return 1\n   else:\n      return 0\n\n\n\n"</Process><Process ToolSource="d:\program files\arcgis\desktop10.4\ArcToolbox\Toolboxes\Data Management Tools.tbx\CalculateField" Date="20171108" Time="150537">CalculateField singleunit1880v2 test gg( !ARC_Street! , !address! ) PYTHON_9.3 "def gg(a,b):\n   if a==b:\n      return 1\n   else:\n      return 0\n\n\n\n"</Process><Process ToolSource="d:\program files\arcgis\desktop10.4\ArcToolbox\Toolboxes\Data Management Tools.tbx\CalculateField" Date="20171108" Time="150937">CalculateField singleunit1880v2 test gg( !Match_addr! , !Match_addr_1! ) PYTHON_9.3 "def gg(a,b):\n   if a==b:\n      return 1\n   else:\n      return 0\n\n\n\n"</Process><Process ToolSource="d:\program files\arcgis\desktop10.4\ArcToolbox\Toolboxes\Data Management Tools.tbx\CalculateField" Date="20171108" Time="153032">CalculateField singleunit1880v2 test "!Match_addr! [:-3]" PYTHON_9.3 #</Process><Process ToolSource="d:\program files\arcgis\desktop10.4\ArcToolbox\Toolboxes\Data Management Tools.tbx\CalculateField" Date="20171108" Time="153448">CalculateField singleunit1880v2 test "[test] &amp; " " &amp; [cityname] &amp; ", " &amp; [statename]" VB #</Process><Process ToolSource="d:\program files\arcgis\desktop10.4\ArcToolbox\Toolboxes\Data Management Tools.tbx\CalculateField" Date="20171108" Time="154038">CalculateField singleunit1880v2 test !Match_addr![:-7] PYTHON_9.3 #</Process><Process ToolSource="d:\program files\arcgis\desktop10.4\ArcToolbox\Toolboxes\Data Management Tools.tbx\CalculateField" Date="20171108" Time="154523">CalculateField singleunit1880v2 test !Match_addr!.rsplit(",")[1] PYTHON_9.3 #</Process><Process ToolSource="d:\program files\arcgis\desktop10.4\ArcToolbox\Toolboxes\Data Management Tools.tbx\CalculateField" Date="20171108" Time="154937">CalculateField singleunit1880v2 test !Match_addr!.split(",")[1] PYTHON_9.3 #</Process><Process ToolSource="d:\program files\arcgis\desktop10.4\ArcToolbox\Toolboxes\Data Management Tools.tbx\CalculateField" Date="20171108" Time="155040">CalculateField singleunit1880v2 test !Match_addr!.split(",")[-1] PYTHON_9.3 #</Process><Process ToolSource="d:\program files\arcgis\desktop10.4\ArcToolbox\Toolboxes\Data Management Tools.tbx\CalculateField" Date="20171108" Time="155135">CalculateField singleunit1880v2 test !Match_addr!.split(",")[-3] PYTHON_9.3 #</Process><Process ToolSource="d:\program files\arcgis\desktop10.4\ArcToolbox\Toolboxes\Data Management Tools.tbx\CalculateField" Date="20171108" Time="155313">CalculateField singleunit1880v2 test "[test] &amp;", " &amp; [cityname] &amp;", " &amp; [statename]" VB #</Process><Process ToolSource="d:\program files\arcgis\desktop10.4\ArcToolbox\Toolboxes\Data Management Tools.tbx\CalculateField" Date="20171108" Time="155414">CalculateField singleunit1880v2 Match_addr [test] VB #</Process><Process ToolSource="d:\program files\arcgis\desktop10.4\ArcToolbox\Toolboxes\Data Management Tools.tbx\CalculateField" Date="20171108" Time="155637">CalculateField singleunit1880v2 year 1880 VB #</Process><Process ToolSource="d:\program files\arcgis\desktop10.4\ArcToolbox\Toolboxes\Data Management Tools.tbx\CalculateField" Date="20171108" Time="160020">CalculateField singleunit1880v2 test gg( !ARC_Street! , !address! ) PYTHON_9.3 "def gg(a,b):\n    if a==b:\n      return "1"\n    else:\n      return "0"\n\n"</Process><Process ToolSource="c:\program files (x86)\arcgis\desktop10.7\ArcToolbox\Toolboxes\Data Management Tools.tbx\Merge" Date="20210712" Time="161547">Merge dcsingle;dcmulti D:\washington_revise\dcdata.gdb\dcblds1880 "Match_addr "Match_addr" true true false 80 Text 0 0 ,First,#,dcsingle,Match_addr,-1,-1,dcmulti,Match_addr,-1,-1;X "X" true true false 8 Double 0 0 ,First,#,dcsingle,X,-1,-1,dcmulti,X,-1,-1;Y "Y" true true false 8 Double 0 0 ,First,#,dcsingle,Y,-1,-1,dcmulti,Y,-1,-1;address "address" true true false 80 Text 0 0 ,First,#,dcsingle,address,-1,-1,dcmulti,address,-1,-1;enumdist "enumdist" true true false 8 Double 0 0 ,First,#,dcsingle,enumdist,-1,-1,dcmulti,enumdist,-1,-1;cityname "cityname" true true false 80 Text 0 0 ,First,#,dcsingle,cityname,-1,-1,dcmulti,cityname,-1,-1;statename "statename" true true false 80 Text 0 0 ,First,#,dcsingle,statename,-1,-1,dcmulti,statename,-1,-1;blkBn "blkBn" true true false 4 Long 0 0 ,First,#,dcsingle,blkBn,-1,-1,dcmulti,blkBn,-1,-1;blk_nmBn "blk_nmBn" true true false 4 Long 0 0 ,First,#,dcsingle,blk_nmBn,-1,-1,dcmulti,blk_nmBn,-1,-1;britBn "britBn" true true false 4 Long 0 0 ,First,#,dcsingle,britBn,-1,-1,dcmulti,britBn,-1,-1;canadaBn "canadaBn" true true false 4 Long 0 0 ,First,#,dcsingle,canadaBn,-1,-1,dcmulti,canadaBn,-1,-1;chinaBn "chinaBn" true true false 4 Long 0 0 ,First,#,dcsingle,chinaBn,-1,-1,dcmulti,chinaBn,-1,-1;danishBn "danishBn" true true false 4 Long 0 0 ,First,#,dcsingle,danishBn,-1,-1,dcmulti,danishBn,-1,-1;frenchBn "frenchBn" true true false 4 Long 0 0 ,First,#,dcsingle,frenchBn,-1,-1,dcmulti,frenchBn,-1,-1;germanBn "germanBn" true true false 4 Long 0 0 ,First,#,dcsingle,germanBn,-1,-1,dcmulti,germanBn,-1,-1;irishBn "irishBn" true true false 4 Long 0 0 ,First,#,dcsingle,irishBn,-1,-1,dcmulti,irishBn,-1,-1;japanBn "japanBn" true true false 4 Long 0 0 ,First,#,dcsingle,japanBn,-1,-1,dcmulti,japanBn,-1,-1;mulattoBn "mulattoBn" true true false 4 Long 0 0 ,First,#,dcsingle,mulattoBn,-1,-1,dcmulti,mulattoBn,-1,-1;nat_amBn "nat_amBn" true true false 4 Long 0 0 ,First,#,dcsingle,nat_amBn,-1,-1,dcmulti,nat_amBn,-1,-1;norwayBn "norwayBn" true true false 4 Long 0 0 ,First,#,dcsingle,norwayBn,-1,-1,dcmulti,norwayBn,-1,-1;swedeBn "swedeBn" true true false 4 Long 0 0 ,First,#,dcsingle,swedeBn,-1,-1,dcmulti,swedeBn,-1,-1;nwnpBn "nwnpBn" true true false 4 Long 0 0 ,First,#,dcsingle,nwnpBn,-1,-1,dcmulti,nwnpBn,-1,-1;brit1Bn "brit1Bn" true true false 4 Long 0 0 ,First,#,dcsingle,brit1Bn,-1,-1,dcmulti,brit1Bn,-1,-1;canada1Bn "canada1Bn" true true false 4 Long 0 0 ,First,#,dcsingle,canada1Bn,-1,-1,dcmulti,canada1Bn,-1,-1;china1Bn "china1Bn" true true false 4 Long 0 0 ,First,#,dcsingle,china1Bn,-1,-1,dcmulti,china1Bn,-1,-1;danish1Bn "danish1Bn" true true false 4 Long 0 0 ,First,#,dcsingle,danish1Bn,-1,-1,dcmulti,danish1Bn,-1,-1;french1Bn "french1Bn" true true false 4 Long 0 0 ,First,#,dcsingle,french1Bn,-1,-1,dcmulti,french1Bn,-1,-1;german1Bn "german1Bn" true true false 4 Long 0 0 ,First,#,dcsingle,german1Bn,-1,-1,dcmulti,german1Bn,-1,-1;irish1Bn "irish1Bn" true true false 4 Long 0 0 ,First,#,dcsingle,irish1Bn,-1,-1,dcmulti,irish1Bn,-1,-1;japan1Bn "japan1Bn" true true false 4 Long 0 0 ,First,#,dcsingle,japan1Bn,-1,-1,dcmulti,japan1Bn,-1,-1;norway1Bn "norway1Bn" true true false 4 Long 0 0 ,First,#,dcsingle,norway1Bn,-1,-1,dcmulti,norway1Bn,-1,-1;swede1Bn "swede1Bn" true true false 4 Long 0 0 ,First,#,dcsingle,swede1Bn,-1,-1,dcmulti,swede1Bn,-1,-1;brit2Bn "brit2Bn" true true false 4 Long 0 0 ,First,#,dcsingle,brit2Bn,-1,-1,dcmulti,brit2Bn,-1,-1;canada2Bn "canada2Bn" true true false 4 Long 0 0 ,First,#,dcsingle,canada2Bn,-1,-1,dcmulti,canada2Bn,-1,-1;china2Bn "china2Bn" true true false 4 Long 0 0 ,First,#,dcsingle,china2Bn,-1,-1,dcmulti,china2Bn,-1,-1;danish2Bn "danish2Bn" true true false 4 Long 0 0 ,First,#,dcsingle,danish2Bn,-1,-1,dcmulti,danish2Bn,-1,-1;french2Bn "french2Bn" true true false 4 Long 0 0 ,First,#,dcsingle,french2Bn,-1,-1,dcmulti,french2Bn,-1,-1;german2Bn "german2Bn" true true false 4 Long 0 0 ,First,#,dcsingle,german2Bn,-1,-1,dcmulti,german2Bn,-1,-1;irish2Bn "irish2Bn" true true false 4 Long 0 0 ,First,#,dcsingle,irish2Bn,-1,-1,dcmulti,irish2Bn,-1,-1;japan2Bn "japan2Bn" true true false 4 Long 0 0 ,First,#,dcsingle,japan2Bn,-1,-1,dcmulti,japan2Bn,-1,-1;norway2Bn "norway2Bn" true true false 4 Long 0 0 ,First,#,dcsingle,norway2Bn,-1,-1,dcmulti,norway2Bn,-1,-1;swede2Bn "swede2Bn" true true false 4 Long 0 0 ,First,#,dcsingle,swede2Bn,-1,-1,dcmulti,swede2Bn,-1,-1;fbBn "fbBn" true true false 4 Long 0 0 ,First,#,dcsingle,fbBn,-1,-1,dcmulti,fbBn,-1,-1;t60Bn "t60Bn" true true false 4 Long 0 0 ,First,#,dcsingle,t60Bn,-1,-1,dcmulti,t60Bn,-1,-1;t0_16Bn "t0_16Bn" true true false 4 Long 0 0 ,First,#,dcsingle,t0_16Bn,-1,-1,dcmulti,t0_16Bn,-1,-1;m0_4Bn "m0_4Bn" true true false 4 Long 0 0 ,First,#,dcsingle,m0_4Bn,-1,-1,dcmulti,m0_4Bn,-1,-1;m5_9Bn "m5_9Bn" true true false 4 Long 0 0 ,First,#,dcsingle,m5_9Bn,-1,-1,dcmulti,m5_9Bn,-1,-1;m10_14Bn "m10_14Bn" true true false 4 Long 0 0 ,First,#,dcsingle,m10_14Bn,-1,-1,dcmulti,m10_14Bn,-1,-1;m15_17Bn "m15_17Bn" true true false 4 Long 0 0 ,First,#,dcsingle,m15_17Bn,-1,-1,dcmulti,m15_17Bn,-1,-1;m18_19Bn "m18_19Bn" true true false 4 Long 0 0 ,First,#,dcsingle,m18_19Bn,-1,-1,dcmulti,m18_19Bn,-1,-1;m20Bn "m20Bn" true true false 4 Long 0 0 ,First,#,dcsingle,m20Bn,-1,-1,dcmulti,m20Bn,-1,-1;m21Bn "m21Bn" true true false 4 Long 0 0 ,First,#,dcsingle,m21Bn,-1,-1,dcmulti,m21Bn,-1,-1;m22_24Bn "m22_24Bn" true true false 4 Long 0 0 ,First,#,dcsingle,m22_24Bn,-1,-1,dcmulti,m22_24Bn,-1,-1;m25_29Bn "m25_29Bn" true true false 4 Long 0 0 ,First,#,dcsingle,m25_29Bn,-1,-1,dcmulti,m25_29Bn,-1,-1;m30_34Bn "m30_34Bn" true true false 4 Long 0 0 ,First,#,dcsingle,m30_34Bn,-1,-1,dcmulti,m30_34Bn,-1,-1;m35_39Bn "m35_39Bn" true true false 4 Long 0 0 ,First,#,dcsingle,m35_39Bn,-1,-1,dcmulti,m35_39Bn,-1,-1;m40_44Bn "m40_44Bn" true true false 4 Long 0 0 ,First,#,dcsingle,m40_44Bn,-1,-1,dcmulti,m40_44Bn,-1,-1;m45_49Bn "m45_49Bn" true true false 4 Long 0 0 ,First,#,dcsingle,m45_49Bn,-1,-1,dcmulti,m45_49Bn,-1,-1;m50_54Bn "m50_54Bn" true true false 4 Long 0 0 ,First,#,dcsingle,m50_54Bn,-1,-1,dcmulti,m50_54Bn,-1,-1;m55_59Bn "m55_59Bn" true true false 4 Long 0 0 ,First,#,dcsingle,m55_59Bn,-1,-1,dcmulti,m55_59Bn,-1,-1;m60_61Bn "m60_61Bn" true true false 4 Long 0 0 ,First,#,dcsingle,m60_61Bn,-1,-1,dcmulti,m60_61Bn,-1,-1;m62_64Bn "m62_64Bn" true true false 4 Long 0 0 ,First,#,dcsingle,m62_64Bn,-1,-1,dcmulti,m62_64Bn,-1,-1;m65_66Bn "m65_66Bn" true true false 4 Long 0 0 ,First,#,dcsingle,m65_66Bn,-1,-1,dcmulti,m65_66Bn,-1,-1;m67_69Bn "m67_69Bn" true true false 4 Long 0 0 ,First,#,dcsingle,m67_69Bn,-1,-1,dcmulti,m67_69Bn,-1,-1;m70_74Bn "m70_74Bn" true true false 4 Long 0 0 ,First,#,dcsingle,m70_74Bn,-1,-1,dcmulti,m70_74Bn,-1,-1;m75_79Bn "m75_79Bn" true true false 4 Long 0 0 ,First,#,dcsingle,m75_79Bn,-1,-1,dcmulti,m75_79Bn,-1,-1;m80_84Bn "m80_84Bn" true true false 4 Long 0 0 ,First,#,dcsingle,m80_84Bn,-1,-1,dcmulti,m80_84Bn,-1,-1;m85Bn "m85Bn" true true false 4 Long 0 0 ,First,#,dcsingle,m85Bn,-1,-1,dcmulti,m85Bn,-1,-1;f0_4Bn "f0_4Bn" true true false 4 Long 0 0 ,First,#,dcsingle,f0_4Bn,-1,-1,dcmulti,f0_4Bn,-1,-1;f5_9Bn "f5_9Bn" true true false 4 Long 0 0 ,First,#,dcsingle,f5_9Bn,-1,-1,dcmulti,f5_9Bn,-1,-1;f10_14Bn "f10_14Bn" true true false 4 Long 0 0 ,First,#,dcsingle,f10_14Bn,-1,-1,dcmulti,f10_14Bn,-1,-1;f15_17Bn "f15_17Bn" true true false 4 Long 0 0 ,First,#,dcsingle,f15_17Bn,-1,-1,dcmulti,f15_17Bn,-1,-1;f18_19Bn "f18_19Bn" true true false 4 Long 0 0 ,First,#,dcsingle,f18_19Bn,-1,-1,dcmulti,f18_19Bn,-1,-1;f20Bn "f20Bn" true true false 4 Long 0 0 ,First,#,dcsingle,f20Bn,-1,-1,dcmulti,f20Bn,-1,-1;f21Bn "f21Bn" true true false 4 Long 0 0 ,First,#,dcsingle,f21Bn,-1,-1,dcmulti,f21Bn,-1,-1;f22_24Bn "f22_24Bn" true true false 4 Long 0 0 ,First,#,dcsingle,f22_24Bn,-1,-1,dcmulti,f22_24Bn,-1,-1;f25_29Bn "f25_29Bn" true true false 4 Long 0 0 ,First,#,dcsingle,f25_29Bn,-1,-1,dcmulti,f25_29Bn,-1,-1;f30_34Bn "f30_34Bn" true true false 4 Long 0 0 ,First,#,dcsingle,f30_34Bn,-1,-1,dcmulti,f30_34Bn,-1,-1;f35_39Bn "f35_39Bn" true true false 4 Long 0 0 ,First,#,dcsingle,f35_39Bn,-1,-1,dcmulti,f35_39Bn,-1,-1;f40_44Bn "f40_44Bn" true true false 4 Long 0 0 ,First,#,dcsingle,f40_44Bn,-1,-1,dcmulti,f40_44Bn,-1,-1;f45_49Bn "f45_49Bn" true true false 4 Long 0 0 ,First,#,dcsingle,f45_49Bn,-1,-1,dcmulti,f45_49Bn,-1,-1;f50_54Bn "f50_54Bn" true true false 4 Long 0 0 ,First,#,dcsingle,f50_54Bn,-1,-1,dcmulti,f50_54Bn,-1,-1;f55_59Bn "f55_59Bn" true true false 4 Long 0 0 ,First,#,dcsingle,f55_59Bn,-1,-1,dcmulti,f55_59Bn,-1,-1;f60_61Bn "f60_61Bn" true true false 4 Long 0 0 ,First,#,dcsingle,f60_61Bn,-1,-1,dcmulti,f60_61Bn,-1,-1;f62_64Bn "f62_64Bn" true true false 4 Long 0 0 ,First,#,dcsingle,f62_64Bn,-1,-1,dcmulti,f62_64Bn,-1,-1;f65_66Bn "f65_66Bn" true true false 4 Long 0 0 ,First,#,dcsingle,f65_66Bn,-1,-1,dcmulti,f65_66Bn,-1,-1;f67_69Bn "f67_69Bn" true true false 4 Long 0 0 ,First,#,dcsingle,f67_69Bn,-1,-1,dcmulti,f67_69Bn,-1,-1;f70_74Bn "f70_74Bn" true true false 4 Long 0 0 ,First,#,dcsingle,f70_74Bn,-1,-1,dcmulti,f70_74Bn,-1,-1;f75_79Bn "f75_79Bn" true true false 4 Long 0 0 ,First,#,dcsingle,f75_79Bn,-1,-1,dcmulti,f75_79Bn,-1,-1;f80_84Bn "f80_84Bn" true true false 4 Long 0 0 ,First,#,dcsingle,f80_84Bn,-1,-1,dcmulti,f80_84Bn,-1,-1;f85Bn "f85Bn" true true false 4 Long 0 0 ,First,#,dcsingle,f85Bn,-1,-1,dcmulti,f85Bn,-1,-1;poptotB "poptotB" true true false 4 Long 0 0 ,First,#,dcsingle,poptotB,-1,-1,dcmulti,poptotB,-1,-1;blkBp "blkBp" true true false 8 Double 0 0 ,First,#,dcsingle,blkBp,-1,-1,dcmulti,blkBp,-1,-1;blk_nmBp "blk_nmBp" true true false 8 Double 0 0 ,First,#,dcsingle,blk_nmBp,-1,-1,dcmulti,blk_nmBp,-1,-1;britBp "britBp" true true false 8 Double 0 0 ,First,#,dcsingle,britBp,-1,-1,dcmulti,britBp,-1,-1;canadaBp "canadaBp" true true false 8 Double 0 0 ,First,#,dcsingle,canadaBp,-1,-1,dcmulti,canadaBp,-1,-1;chinaBp "chinaBp" true true false 8 Double 0 0 ,First,#,dcsingle,chinaBp,-1,-1,dcmulti,chinaBp,-1,-1;danishBp "danishBp" true true false 8 Double 0 0 ,First,#,dcsingle,danishBp,-1,-1,dcmulti,danishBp,-1,-1;frenchBp "frenchBp" true true false 8 Double 0 0 ,First,#,dcsingle,frenchBp,-1,-1,dcmulti,frenchBp,-1,-1;germanBp "germanBp" true true false 8 Double 0 0 ,First,#,dcsingle,germanBp,-1,-1,dcmulti,germanBp,-1,-1;irishBp "irishBp" true true false 8 Double 0 0 ,First,#,dcsingle,irishBp,-1,-1,dcmulti,irishBp,-1,-1;japanBp "japanBp" true true false 8 Double 0 0 ,First,#,dcsingle,japanBp,-1,-1,dcmulti,japanBp,-1,-1;mulattoBp "mulattoBp" true true false 8 Double 0 0 ,First,#,dcsingle,mulattoBp,-1,-1,dcmulti,mulattoBp,-1,-1;nat_amBp "nat_amBp" true true false 8 Double 0 0 ,First,#,dcsingle,nat_amBp,-1,-1,dcmulti,nat_amBp,-1,-1;norwayBp "norwayBp" true true false 8 Double 0 0 ,First,#,dcsingle,norwayBp,-1,-1,dcmulti,norwayBp,-1,-1;swedeBp "swedeBp" true true false 8 Double 0 0 ,First,#,dcsingle,swedeBp,-1,-1,dcmulti,swedeBp,-1,-1;nwnpBp "nwnpBp" true true false 8 Double 0 0 ,First,#,dcsingle,nwnpBp,-1,-1,dcmulti,nwnpBp,-1,-1;brit1Bp "brit1Bp" true true false 8 Double 0 0 ,First,#,dcsingle,brit1Bp,-1,-1,dcmulti,brit1Bp,-1,-1;canada1Bp "canada1Bp" true true false 8 Double 0 0 ,First,#,dcsingle,canada1Bp,-1,-1,dcmulti,canada1Bp,-1,-1;china1Bp "china1Bp" true true false 8 Double 0 0 ,First,#,dcsingle,china1Bp,-1,-1,dcmulti,china1Bp,-1,-1;danish1Bp "danish1Bp" true true false 8 Double 0 0 ,First,#,dcsingle,danish1Bp,-1,-1,dcmulti,danish1Bp,-1,-1;french1Bp "french1Bp" true true false 8 Double 0 0 ,First,#,dcsingle,french1Bp,-1,-1,dcmulti,french1Bp,-1,-1;german1Bp "german1Bp" true true false 8 Double 0 0 ,First,#,dcsingle,german1Bp,-1,-1,dcmulti,german1Bp,-1,-1;irish1Bp "irish1Bp" true true false 8 Double 0 0 ,First,#,dcsingle,irish1Bp,-1,-1,dcmulti,irish1Bp,-1,-1;japan1Bp "japan1Bp" true true false 8 Double 0 0 ,First,#,dcsingle,japan1Bp,-1,-1,dcmulti,japan1Bp,-1,-1;norway1Bp "norway1Bp" true true false 8 Double 0 0 ,First,#,dcsingle,norway1Bp,-1,-1,dcmulti,norway1Bp,-1,-1;swede1Bp "swede1Bp" true true false 8 Double 0 0 ,First,#,dcsingle,swede1Bp,-1,-1,dcmulti,swede1Bp,-1,-1;brit2Bp "brit2Bp" true true false 8 Double 0 0 ,First,#,dcsingle,brit2Bp,-1,-1,dcmulti,brit2Bp,-1,-1;canada2Bp "canada2Bp" true true false 8 Double 0 0 ,First,#,dcsingle,canada2Bp,-1,-1,dcmulti,canada2Bp,-1,-1;china2Bp "china2Bp" true true false 8 Double 0 0 ,First,#,dcsingle,china2Bp,-1,-1,dcmulti,china2Bp,-1,-1;danish2Bp "danish2Bp" true true false 8 Double 0 0 ,First,#,dcsingle,danish2Bp,-1,-1,dcmulti,danish2Bp,-1,-1;french2Bp "french2Bp" true true false 8 Double 0 0 ,First,#,dcsingle,french2Bp,-1,-1,dcmulti,french2Bp,-1,-1;german2Bp "german2Bp" true true false 8 Double 0 0 ,First,#,dcsingle,german2Bp,-1,-1,dcmulti,german2Bp,-1,-1;irish2Bp "irish2Bp" true true false 8 Double 0 0 ,First,#,dcsingle,irish2Bp,-1,-1,dcmulti,irish2Bp,-1,-1;japan2Bp "japan2Bp" true true false 8 Double 0 0 ,First,#,dcsingle,japan2Bp,-1,-1,dcmulti,japan2Bp,-1,-1;norway2Bp "norway2Bp" true true false 8 Double 0 0 ,First,#,dcsingle,norway2Bp,-1,-1,dcmulti,norway2Bp,-1,-1;swede2Bp "swede2Bp" true true false 8 Double 0 0 ,First,#,dcsingle,swede2Bp,-1,-1,dcmulti,swede2Bp,-1,-1;fbBp "fbBp" true true false 8 Double 0 0 ,First,#,dcsingle,fbBp,-1,-1,dcmulti,fbBp,-1,-1;t60Bp "t60Bp" true true false 8 Double 0 0 ,First,#,dcsingle,t60Bp,-1,-1,dcmulti,t60Bp,-1,-1;t0_16Bp "t0_16Bp" true true false 8 Double 0 0 ,First,#,dcsingle,t0_16Bp,-1,-1,dcmulti,t0_16Bp,-1,-1;mlf15_64Bn "mlf15_64Bn" true true false 4 Long 0 0 ,First,#,dcsingle,mlf15_64Bn,-1,-1,dcmulti,mlf15_64Bn,-1,-1;m15_64Bn "m15_64Bn" true true false 4 Long 0 0 ,First,#,dcsingle,m15_64Bn,-1,-1,dcmulti,m15_64Bn,-1,-1;mlf15_64Bp "mlf15_64Bp" true true false 8 Double 0 0 ,First,#,dcsingle,mlf15_64Bp,-1,-1,dcmulti,mlf15_64Bp,-1,-1;flf15_64Bn "flf15_64Bn" true true false 4 Long 0 0 ,First,#,dcsingle,flf15_64Bn,-1,-1,dcmulti,flf15_64Bn,-1,-1;f15_64Bn "f15_64Bn" true true false 4 Long 0 0 ,First,#,dcsingle,f15_64Bn,-1,-1,dcmulti,f15_64Bn,-1,-1;flf15_64Bp "flf15_64Bp" true true false 8 Double 0 0 ,First,#,dcsingle,flf15_64Bp,-1,-1,dcmulti,flf15_64Bp,-1,-1;tlf15_64Bn "tlf15_64Bn" true true false 4 Long 0 0 ,First,#,dcsingle,tlf15_64Bn,-1,-1,dcmulti,tlf15_64Bn,-1,-1;t15_64Bn "t15_64Bn" true true false 4 Long 0 0 ,First,#,dcsingle,t15_64Bn,-1,-1,dcmulti,t15_64Bn,-1,-1;tlf15_64Bp "tlf15_64Bp" true true false 8 Double 0 0 ,First,#,dcsingle,tlf15_64Bp,-1,-1,dcmulti,tlf15_64Bp,-1,-1;marriedBn "marriedBn" true true false 4 Long 0 0 ,First,#,dcsingle,marriedBn,-1,-1,dcmulti,marriedBn,-1,-1;t18Bn "t18Bn" true true false 4 Long 0 0 ,First,#,dcsingle,t18Bn,-1,-1,dcmulti,t18Bn,-1,-1;marriedBp "marriedBp" true true false 8 Double 0 0 ,First,#,dcsingle,marriedBp,-1,-1,dcmulti,marriedBp,-1,-1;m18_44Bn "m18_44Bn" true true false 4 Long 0 0 ,First,#,dcsingle,m18_44Bn,-1,-1,dcmulti,m18_44Bn,-1,-1;f18_44Bn "f18_44Bn" true true false 4 Long 0 0 ,First,#,dcsingle,f18_44Bn,-1,-1,dcmulti,f18_44Bn,-1,-1;t18_44Bn "t18_44Bn" true true false 4 Long 0 0 ,First,#,dcsingle,t18_44Bn,-1,-1,dcmulti,t18_44Bn,-1,-1;m18_44Bp "m18_44Bp" true true false 8 Double 0 0 ,First,#,dcsingle,m18_44Bp,-1,-1,dcmulti,m18_44Bp,-1,-1;f18_44Bp "f18_44Bp" true true false 8 Double 0 0 ,First,#,dcsingle,f18_44Bp,-1,-1,dcmulti,f18_44Bp,-1,-1;hh_kidsBn "hh_kidsBn" true true false 4 Long 0 0 ,First,#,dcsingle,hh_kidsBn,-1,-1,dcmulti,hh_kidsBn,-1,-1;hhBn "hhBn" true true false 4 Long 0 0 ,First,#,dcsingle,hhBn,-1,-1,dcmulti,hhBn,-1,-1;hh_kidsBp "hh_kidsBp" true true false 8 Double 0 0 ,First,#,dcsingle,hh_kidsBp,-1,-1,dcmulti,hh_kidsBp,-1,-1;meanseiB "meanseiB" true true false 8 Double 0 0 ,First,#,dcsingle,meanseiB,-1,-1,dcmulti,meanseiB,-1,-1;year "year" true true false 4 Long 0 0 ,First,#,dcsingle,year,-1,-1,dcmulti,year,-1,-1;NonOver_Se "NonOver_Se" true true false 4 Long 0 0 ,First,#,dcsingle,NonOver_Se,-1,-1,dcmulti,NonOver_Se,-1,-1;NonOver_Ex "NonOver_Ex" true true false 4 Long 0 0 ,First,#,dcsingle,NonOver_Ex,-1,-1,dcmulti,NonOver_Ex,-1,-1;Segment_id "Segment_id" true true false 4 Long 0 0 ,First,#,dcsingle,Segment_id,-1,-1,dcmulti,Segment_id,-1,-1;unittype "unittype" true true false 20 Text 0 0 ,First,#,dcsingle,unittype,-1,-1,dcmulti,unittype,-1,-1"</Process><Process ToolSource="c:\program files (x86)\arcgis\desktop10.7\ArcToolbox\Toolboxes\Data Management Tools.tbx\CalculateField" Date="20210712" Time="221729">CalculateField dcbld80_moved blkBn 0 VB #</Process><Process ToolSource="c:\program files (x86)\arcgis\desktop10.7\ArcToolbox\Toolboxes\Data Management Tools.tbx\CalculateField" Date="20210712" Time="223321">CalculateField dcbld80_moved poptotB 0 VB #</Process><Process ToolSource="c:\program files (x86)\arcgis\desktop10.7\ArcToolbox\Toolboxes\Data Management Tools.tbx\CalculateField" Date="20210714" Time="230725">CalculateField dc1880ptsdata poptotB 0 VB #</Process><Process ToolSource="c:\program files (x86)\arcgis\desktop10.7\ArcToolbox\Toolboxes\Data Management Tools.tbx\CalculateField" Date="20210714" Time="230746">CalculateField dc1880ptsdata blkBn 0 VB #</Process><Process ToolSource="c:\program files (x86)\arcgis\desktop10.7\ArcToolbox\Toolboxes\Data Management Tools.tbx\CalculateField" Date="20210714" Time="230809">CalculateField dc1880ptsdata blk_nmBn 0 VB #</Process><Process ToolSource="c:\program files (x86)\arcgis\desktop10.7\ArcToolbox\Toolboxes\Data Management Tools.tbx\CalculateField" Date="20210714" Time="230831">CalculateField dc1880ptsdata germanBn 0 VB #</Process><Process ToolSource="c:\program files (x86)\arcgis\desktop10.7\ArcToolbox\Toolboxes\Data Management Tools.tbx\CalculateField" Date="20210714" Time="230852">CalculateField dc1880ptsdata irishBn 0 VB #</Process><Process ToolSource="c:\program files (x86)\arcgis\desktop10.7\ArcToolbox\Toolboxes\Data Management Tools.tbx\CalculateField" Date="20210714" Time="230922">CalculateField dc1880ptsdata german1Bn 0 VB #</Process><Process ToolSource="c:\program files (x86)\arcgis\desktop10.7\ArcToolbox\Toolboxes\Data Management Tools.tbx\CalculateField" Date="20210714" Time="230951">CalculateField dc1880ptsdata irish1Bn 0 VB #</Process><Process ToolSource="c:\program files (x86)\arcgis\desktop10.7\ArcToolbox\Toolboxes\Data Management Tools.tbx\CalculateField" Date="20210714" Time="231010">CalculateField dc1880ptsdata fbBn 0 VB #</Process></lineage><itemProps><itemName Sync="TRUE">dcblds1880</itemName><imsContentType Sync="TRUE">002</imsContentType><itemLocation><linkage Sync="TRUE">file://\\GEOG-37RJ0Z2\D$\washington_revise\dcdata.gdb</linkage><protocol Sync="TRUE">Local Area Network</protocol></itemLocation><itemSize Sync="TRUE">0.000</itemSize></itemProps><coordRef><type Sync="TRUE">Projected</type><geogcsn Sync="TRUE">GCS_WGS_1984</geogcsn><csUnits Sync="TRUE">Linear Unit: Meter (1.000000)</csUnits><projcsn Sync="TRUE">WGS_1984_Web_Mercator_Auxiliary_Sphere</projcsn><peXml Sync="TRUE">&lt;ProjectedCoordinateSystem xsi:type='typens:ProjectedCoordinateSystem' xmlns:xsi='http://www.w3.org/2001/XMLSchema-instance' xmlns:xs='http://www.w3.org/2001/XMLSchema' xmlns:typens='http://www.esri.com/schemas/ArcGIS/10.7'&gt;&lt;WKT&gt;PROJCS[&amp;quot;WGS_1984_Web_Mercator_Auxiliary_Sphere&amp;quot;,GEOGCS[&amp;quot;GCS_WGS_1984&amp;quot;,DATUM[&amp;quot;D_WGS_1984&amp;quot;,SPHEROID[&amp;quot;WGS_1984&amp;quot;,6378137.0,298.257223563]],PRIMEM[&amp;quot;Greenwich&amp;quot;,0.0],UNIT[&amp;quot;Degree&amp;quot;,0.0174532925199433]],PROJECTION[&amp;quot;Mercator_Auxiliary_Sphere&amp;quot;],PARAMETER[&amp;quot;False_Easting&amp;quot;,0.0],PARAMETER[&amp;quot;False_Northing&amp;quot;,0.0],PARAMETER[&amp;quot;Central_Meridian&amp;quot;,0.0],PARAMETER[&amp;quot;Standard_Parallel_1&amp;quot;,0.0],PARAMETER[&amp;quot;Auxiliary_Sphere_Type&amp;quot;,0.0],UNIT[&amp;quot;Meter&amp;quot;,1.0],AUTHORITY[&amp;quot;EPSG&amp;quot;,3857]]&lt;/WKT&gt;&lt;XOrigin&gt;-20037700&lt;/XOrigin&gt;&lt;YOrigin&gt;-30241100&lt;/YOrigin&gt;&lt;XYScale&gt;148923141.92838538&lt;/XYScale&gt;&lt;ZOrigin&gt;-100000&lt;/ZOrigin&gt;&lt;ZScale&gt;10000&lt;/ZScale&gt;&lt;MOrigin&gt;-100000&lt;/MOrigin&gt;&lt;MScale&gt;10000&lt;/MScale&gt;&lt;XYTolerance&gt;0.001&lt;/XYTolerance&gt;&lt;ZTolerance&gt;0.001&lt;/ZTolerance&gt;&lt;MTolerance&gt;0.001&lt;/MTolerance&gt;&lt;HighPrecision&gt;true&lt;/HighPrecision&gt;&lt;WKID&gt;102100&lt;/WKID&gt;&lt;LatestWKID&gt;3857&lt;/LatestWKID&gt;&lt;/ProjectedCoordinateSystem&gt;</peXml></coordRef></DataProperties><SyncDate>20210712</SyncDate><SyncTime>16153400</SyncTime><ModDate>20210712</ModDate><ModTime>16153400</ModTime></Esri><dataIdInfo><envirDesc Sync="TRUE"> Version 6.2 (Build 9200) ; Esri ArcGIS 10.7.1.11595</envirDesc><dataLang><languageCode value="eng" Sync="TRUE"></languageCode><countryCode value="USA" Sync="TRUE"></countryCode></dataLang><idCitation><resTitle Sync="TRUE">dcblds1880</resTitle><presForm><PresFormCd value="005" Sync="TRUE"></PresFormCd></presForm></idCitation><spatRpType><SpatRepTypCd value="001" Sync="TRUE"></SpatRepTypCd></spatRpType></dataIdInfo><mdLang><languageCode value="eng" Sync="TRUE"></languageCode><countryCode value="USA" Sync="TRUE"></countryCode></mdLang><distInfo><distFormat><formatName Sync="TRUE">File Geodatabase Feature Class</formatName></distFormat><distTranOps><transSize Sync="TRUE">0.000</transSize></distTranOps></distInfo><mdHrLv><ScopeCd value="005" Sync="TRUE"></ScopeCd></mdHrLv><mdHrLvName Sync="TRUE">dataset</mdHrLvName><refSysInfo><RefSystem><refSysID><identCode code="3857" Sync="TRUE"></identCode><idCodeSpace Sync="TRUE">EPSG</idCodeSpace><idVersion Sync="TRUE">8.8(9.3.1.2)</idVersion></refSysID></RefSystem></refSysInfo><spatRepInfo><VectSpatRep><geometObjs Name="dcblds1880"><geoObjTyp><GeoObjTypCd value="004" Sync="TRUE"></GeoObjTypCd></geoObjTyp><geoObjCnt Sync="TRUE">0</geoObjCnt></geometObjs><topLvl><TopoLevCd value="001" Sync="TRUE"></TopoLevCd></topLvl></VectSpatRep></spatRepInfo><spdoinfo><ptvctinf><esriterm Name="dcblds1880"><efeatyp Sync="TRUE">Simple</efeatyp><efeageom code="1" Sync="TRUE"></efeageom><esritopo Sync="TRUE">FALSE</esritopo><efeacnt Sync="TRUE">0</efeacnt><spindex Sync="TRUE">TRUE</spindex><linrefer Sync="TRUE">FALSE</linrefer></esriterm></ptvctinf></spdoinfo><eainfo><detailed Name="dcblds1880"><enttyp><enttypl Sync="TRUE">dcblds1880</enttypl><enttypt Sync="TRUE">Feature Class</enttypt><enttypc Sync="TRUE">0</enttypc></enttyp><attr><attrlabl Sync="TRUE">OBJECTID</attrlabl><attalias Sync="TRUE">OBJECTID</attalias><attrtype Sync="TRUE">OID</attrtype><attwidth Sync="TRUE">4</attwidth><atprecis Sync="TRUE">0</atprecis><attscale Sync="TRUE">0</attscale><attrdef Sync="TRUE">Internal feature number.</attrdef><attrdefs Sync="TRUE">Esri</attrdefs><attrdomv><udom Sync="TRUE">Sequential unique whole numbers that are automatically generated.</udom></attrdomv></attr><attr><attrlabl Sync="TRUE">Shape</attrlabl><attalias Sync="TRUE">Shape</attalias><attrtype Sync="TRUE">Geometry</attrtype><attwidth Sync="TRUE">0</attwidth><atprecis Sync="TRUE">0</atprecis><attscale Sync="TRUE">0</attscale><attrdef Sync="TRUE">Feature geometry.</attrdef><attrdefs Sync="TRUE">Esri</attrdefs><attrdomv><udom Sync="TRUE">Coordinates defining the features.</udom></attrdomv></attr><attr><attrlabl Sync="TRUE">Match_addr</attrlabl><attalias Sync="TRUE">Match_addr</attalias><attrtype Sync="TRUE">String</attrtype><attwidth Sync="TRUE">80</attwidth><atprecis Sync="TRUE">0</atprecis><attscale Sync="TRUE">0</attscale></attr><attr><attrlabl Sync="TRUE">X</attrlabl><attalias Sync="TRUE">X</attalias><attrtype Sync="TRUE">Double</attrtype><attwidth Sync="TRUE">8</attwidth><atprecis Sync="TRUE">0</atprecis><attscale Sync="TRUE">0</attscale></attr><attr><attrlabl Sync="TRUE">Y</attrlabl><attalias Sync="TRUE">Y</attalias><attrtype Sync="TRUE">Double</attrtype><attwidth Sync="TRUE">8</attwidth><atprecis Sync="TRUE">0</atprecis><attscale Sync="TRUE">0</attscale></attr><attr><attrlabl Sync="TRUE">address</attrlabl><attalias Sync="TRUE">address</attalias><attrtype Sync="TRUE">String</attrtype><attwidth Sync="TRUE">80</attwidth><atprecis Sync="TRUE">0</atprecis><attscale Sync="TRUE">0</attscale></attr><attr><attrlabl Sync="TRUE">enumdist</attrlabl><attalias Sync="TRUE">enumdist</attalias><attrtype Sync="TRUE">Double</attrtype><attwidth Sync="TRUE">8</attwidth><atprecis Sync="TRUE">0</atprecis><attscale Sync="TRUE">0</attscale></attr><attr><attrlabl Sync="TRUE">cityname</attrlabl><attalias Sync="TRUE">cityname</attalias><attrtype Sync="TRUE">String</attrtype><attwidth Sync="TRUE">80</attwidth><atprecis Sync="TRUE">0</atprecis><attscale Sync="TRUE">0</attscale></attr><attr><attrlabl Sync="TRUE">statename</attrlabl><attalias Sync="TRUE">statename</attalias><attrtype Sync="TRUE">String</attrtype><attwidth Sync="TRUE">80</attwidth><atprecis Sync="TRUE">0</atprecis><attscale Sync="TRUE">0</attscale></attr><attr><attrlabl Sync="TRUE">blkBn</attrlabl><attalias Sync="TRUE">blkBn</attalias><attrtype Sync="TRUE">Integer</attrtype><attwidth Sync="TRUE">4</attwidth><atprecis Sync="TRUE">0</atprecis><attscale Sync="TRUE">0</attscale></attr><attr><attrlabl Sync="TRUE">blk_nmBn</attrlabl><attalias Sync="TRUE">blk_nmBn</attalias><attrtype Sync="TRUE">Integer</attrtype><attwidth Sync="TRUE">4</attwidth><atprecis Sync="TRUE">0</atprecis><attscale Sync="TRUE">0</attscale></attr><attr><attrlabl Sync="TRUE">britBn</attrlabl><attalias Sync="TRUE">britBn</attalias><attrtype Sync="TRUE">Integer</attrtype><attwidth Sync="TRUE">4</attwidth><atprecis Sync="TRUE">0</atprecis><attscale Sync="TRUE">0</attscale></attr><attr><attrlabl Sync="TRUE">canadaBn</attrlabl><attalias Sync="TRUE">canadaBn</attalias><attrtype Sync="TRUE">Integer</attrtype><attwidth Sync="TRUE">4</attwidth><atprecis Sync="TRUE">0</atprecis><attscale Sync="TRUE">0</attscale></attr><attr><attrlabl Sync="TRUE">chinaBn</attrlabl><attalias Sync="TRUE">chinaBn</attalias><attrtype Sync="TRUE">Integer</attrtype><attwidth Sync="TRUE">4</attwidth><atprecis Sync="TRUE">0</atprecis><attscale Sync="TRUE">0</attscale></attr><attr><attrlabl Sync="TRUE">danishBn</attrlabl><attalias Sync="TRUE">danishBn</attalias><attrtype Sync="TRUE">Integer</attrtype><attwidth Sync="TRUE">4</attwidth><atprecis Sync="TRUE">0</atprecis><attscale Sync="TRUE">0</attscale></attr><attr><attrlabl Sync="TRUE">frenchBn</attrlabl><attalias Sync="TRUE">frenchBn</attalias><attrtype Sync="TRUE">Integer</attrtype><attwidth Sync="TRUE">4</attwidth><atprecis Sync="TRUE">0</atprecis><attscale Sync="TRUE">0</attscale></attr><attr><attrlabl Sync="TRUE">germanBn</attrlabl><attalias Sync="TRUE">germanBn</attalias><attrtype Sync="TRUE">Integer</attrtype><attwidth Sync="TRUE">4</attwidth><atprecis Sync="TRUE">0</atprecis><attscale Sync="TRUE">0</attscale></attr><attr><attrlabl Sync="TRUE">irishBn</attrlabl><attalias Sync="TRUE">irishBn</attalias><attrtype Sync="TRUE">Integer</attrtype><attwidth Sync="TRUE">4</attwidth><atprecis Sync="TRUE">0</atprecis><attscale Sync="TRUE">0</attscale></attr><attr><attrlabl Sync="TRUE">japanBn</attrlabl><attalias Sync="TRUE">japanBn</attalias><attrtype Sync="TRUE">Integer</attrtype><attwidth Sync="TRUE">4</attwidth><atprecis Sync="TRUE">0</atprecis><attscale Sync="TRUE">0</attscale></attr><attr><attrlabl Sync="TRUE">mulattoBn</attrlabl><attalias Sync="TRUE">mulattoBn</attalias><attrtype Sync="TRUE">Integer</attrtype><attwidth Sync="TRUE">4</attwidth><atprecis Sync="TRUE">0</atprecis><attscale Sync="TRUE">0</attscale></attr><attr><attrlabl Sync="TRUE">nat_amBn</attrlabl><attalias Sync="TRUE">nat_amBn</attalias><attrtype Sync="TRUE">Integer</attrtype><attwidth Sync="TRUE">4</attwidth><atprecis Sync="TRUE">0</atprecis><attscale Sync="TRUE">0</attscale></attr><attr><attrlabl Sync="TRUE">norwayBn</attrlabl><attalias Sync="TRUE">norwayBn</attalias><attrtype Sync="TRUE">Integer</attrtype><attwidth Sync="TRUE">4</attwidth><atprecis Sync="TRUE">0</atprecis><attscale Sync="TRUE">0</attscale></attr><attr><attrlabl Sync="TRUE">swedeBn</attrlabl><attalias Sync="TRUE">swedeBn</attalias><attrtype Sync="TRUE">Integer</attrtype><attwidth Sync="TRUE">4</attwidth><atprecis Sync="TRUE">0</atprecis><attscale Sync="TRUE">0</attscale></attr><attr><attrlabl Sync="TRUE">nwnpBn</attrlabl><attalias Sync="TRUE">nwnpBn</attalias><attrtype Sync="TRUE">Integer</attrtype><attwidth Sync="TRUE">4</attwidth><atprecis Sync="TRUE">0</atprecis><attscale Sync="TRUE">0</attscale></attr><attr><attrlabl Sync="TRUE">brit1Bn</attrlabl><attalias Sync="TRUE">brit1Bn</attalias><attrtype Sync="TRUE">Integer</attrtype><attwidth Sync="TRUE">4</attwidth><atprecis Sync="TRUE">0</atprecis><attscale Sync="TRUE">0</attscale></attr><attr><attrlabl Sync="TRUE">canada1Bn</attrlabl><attalias Sync="TRUE">canada1Bn</attalias><attrtype Sync="TRUE">Integer</attrtype><attwidth Sync="TRUE">4</attwidth><atprecis Sync="TRUE">0</atprecis><attscale Sync="TRUE">0</attscale></attr><attr><attrlabl Sync="TRUE">china1Bn</attrlabl><attalias Sync="TRUE">china1Bn</attalias><attrtype Sync="TRUE">Integer</attrtype><attwidth Sync="TRUE">4</attwidth><atprecis Sync="TRUE">0</atprecis><attscale Sync="TRUE">0</attscale></attr><attr><attrlabl Sync="TRUE">danish1Bn</attrlabl><attalias Sync="TRUE">danish1Bn</attalias><attrtype Sync="TRUE">Integer</attrtype><attwidth Sync="TRUE">4</attwidth><atprecis Sync="TRUE">0</atprecis><attscale Sync="TRUE">0</attscale></attr><attr><attrlabl Sync="TRUE">french1Bn</attrlabl><attalias Sync="TRUE">french1Bn</attalias><attrtype Sync="TRUE">Integer</attrtype><attwidth Sync="TRUE">4</attwidth><atprecis Sync="TRUE">0</atprecis><attscale Sync="TRUE">0</attscale></attr><attr><attrlabl Sync="TRUE">german1Bn</attrlabl><attalias Sync="TRUE">german1Bn</attalias><attrtype Sync="TRUE">Integer</attrtype><attwidth Sync="TRUE">4</attwidth><atprecis Sync="TRUE">0</atprecis><attscale Sync="TRUE">0</attscale></attr><attr><attrlabl Sync="TRUE">irish1Bn</attrlabl><attalias Sync="TRUE">irish1Bn</attalias><attrtype Sync="TRUE">Integer</attrtype><attwidth Sync="TRUE">4</attwidth><atprecis Sync="TRUE">0</atprecis><attscale Sync="TRUE">0</attscale></attr><attr><attrlabl Sync="TRUE">japan1Bn</attrlabl><attalias Sync="TRUE">japan1Bn</attalias><attrtype Sync="TRUE">Integer</attrtype><attwidth Sync="TRUE">4</attwidth><atprecis Sync="TRUE">0</atprecis><attscale Sync="TRUE">0</attscale></attr><attr><attrlabl Sync="TRUE">norway1Bn</attrlabl><attalias Sync="TRUE">norway1Bn</attalias><attrtype Sync="TRUE">Integer</attrtype><attwidth Sync="TRUE">4</attwidth><atprecis Sync="TRUE">0</atprecis><attscale Sync="TRUE">0</attscale></attr><attr><attrlabl Sync="TRUE">swede1Bn</attrlabl><attalias Sync="TRUE">swede1Bn</attalias><attrtype Sync="TRUE">Integer</attrtype><attwidth Sync="TRUE">4</attwidth><atprecis Sync="TRUE">0</atprecis><attscale Sync="TRUE">0</attscale></attr><attr><attrlabl Sync="TRUE">brit2Bn</attrlabl><attalias Sync="TRUE">brit2Bn</attalias><attrtype Sync="TRUE">Integer</attrtype><attwidth Sync="TRUE">4</attwidth><atprecis Sync="TRUE">0</atprecis><attscale Sync="TRUE">0</attscale></attr><attr><attrlabl Sync="TRUE">canada2Bn</attrlabl><attalias Sync="TRUE">canada2Bn</attalias><attrtype Sync="TRUE">Integer</attrtype><attwidth Sync="TRUE">4</attwidth><atprecis Sync="TRUE">0</atprecis><attscale Sync="TRUE">0</attscale></attr><attr><attrlabl Sync="TRUE">china2Bn</attrlabl><attalias Sync="TRUE">china2Bn</attalias><attrtype Sync="TRUE">Integer</attrtype><attwidth Sync="TRUE">4</attwidth><atprecis Sync="TRUE">0</atprecis><attscale Sync="TRUE">0</attscale></attr><attr><attrlabl Sync="TRUE">danish2Bn</attrlabl><attalias Sync="TRUE">danish2Bn</attalias><attrtype Sync="TRUE">Integer</attrtype><attwidth Sync="TRUE">4</attwidth><atprecis Sync="TRUE">0</atprecis><attscale Sync="TRUE">0</attscale></attr><attr><attrlabl Sync="TRUE">french2Bn</attrlabl><attalias Sync="TRUE">french2Bn</attalias><attrtype Sync="TRUE">Integer</attrtype><attwidth Sync="TRUE">4</attwidth><atprecis Sync="TRUE">0</atprecis><attscale Sync="TRUE">0</attscale></attr><attr><attrlabl Sync="TRUE">german2Bn</attrlabl><attalias Sync="TRUE">german2Bn</attalias><attrtype Sync="TRUE">Integer</attrtype><attwidth Sync="TRUE">4</attwidth><atprecis Sync="TRUE">0</atprecis><attscale Sync="TRUE">0</attscale></attr><attr><attrlabl Sync="TRUE">irish2Bn</attrlabl><attalias Sync="TRUE">irish2Bn</attalias><attrtype Sync="TRUE">Integer</attrtype><attwidth Sync="TRUE">4</attwidth><atprecis Sync="TRUE">0</atprecis><attscale Sync="TRUE">0</attscale></attr><attr><attrlabl Sync="TRUE">japan2Bn</attrlabl><attalias Sync="TRUE">japan2Bn</attalias><attrtype Sync="TRUE">Integer</attrtype><attwidth Sync="TRUE">4</attwidth><atprecis Sync="TRUE">0</atprecis><attscale Sync="TRUE">0</attscale></attr><attr><attrlabl Sync="TRUE">norway2Bn</attrlabl><attalias Sync="TRUE">norway2Bn</attalias><attrtype Sync="TRUE">Integer</attrtype><attwidth Sync="TRUE">4</attwidth><atprecis Sync="TRUE">0</atprecis><attscale Sync="TRUE">0</attscale></attr><attr><attrlabl Sync="TRUE">swede2Bn</attrlabl><attalias Sync="TRUE">swede2Bn</attalias><attrtype Sync="TRUE">Integer</attrtype><attwidth Sync="TRUE">4</attwidth><atprecis Sync="TRUE">0</atprecis><attscale Sync="TRUE">0</attscale></attr><attr><attrlabl Sync="TRUE">fbBn</attrlabl><attalias Sync="TRUE">fbBn</attalias><attrtype Sync="TRUE">Integer</attrtype><attwidth Sync="TRUE">4</attwidth><atprecis Sync="TRUE">0</atprecis><attscale Sync="TRUE">0</attscale></attr><attr><attrlabl Sync="TRUE">t60Bn</attrlabl><attalias Sync="TRUE">t60Bn</attalias><attrtype Sync="TRUE">Integer</attrtype><attwidth Sync="TRUE">4</attwidth><atprecis Sync="TRUE">0</atprecis><attscale Sync="TRUE">0</attscale></attr><attr><attrlabl Sync="TRUE">t0_16Bn</attrlabl><attalias Sync="TRUE">t0_16Bn</attalias><attrtype Sync="TRUE">Integer</attrtype><attwidth Sync="TRUE">4</attwidth><atprecis Sync="TRUE">0</atprecis><attscale Sync="TRUE">0</attscale></attr><attr><attrlabl Sync="TRUE">m0_4Bn</attrlabl><attalias Sync="TRUE">m0_4Bn</attalias><attrtype Sync="TRUE">Integer</attrtype><attwidth Sync="TRUE">4</attwidth><atprecis Sync="TRUE">0</atprecis><attscale Sync="TRUE">0</attscale></attr><attr><attrlabl Sync="TRUE">m5_9Bn</attrlabl><attalias Sync="TRUE">m5_9Bn</attalias><attrtype Sync="TRUE">Integer</attrtype><attwidth Sync="TRUE">4</attwidth><atprecis Sync="TRUE">0</atprecis><attscale Sync="TRUE">0</attscale></attr><attr><attrlabl Sync="TRUE">m10_14Bn</attrlabl><attalias Sync="TRUE">m10_14Bn</attalias><attrtype Sync="TRUE">Integer</attrtype><attwidth Sync="TRUE">4</attwidth><atprecis Sync="TRUE">0</atprecis><attscale Sync="TRUE">0</attscale></attr><attr><attrlabl Sync="TRUE">m15_17Bn</attrlabl><attalias Sync="TRUE">m15_17Bn</attalias><attrtype Sync="TRUE">Integer</attrtype><attwidth Sync="TRUE">4</attwidth><atprecis Sync="TRUE">0</atprecis><attscale Sync="TRUE">0</attscale></attr><attr><attrlabl Sync="TRUE">m18_19Bn</attrlabl><attalias Sync="TRUE">m18_19Bn</attalias><attrtype Sync="TRUE">Integer</attrtype><attwidth Sync="TRUE">4</attwidth><atprecis Sync="TRUE">0</atprecis><attscale Sync="TRUE">0</attscale></attr><attr><attrlabl Sync="TRUE">m20Bn</attrlabl><attalias Sync="TRUE">m20Bn</attalias><attrtype Sync="TRUE">Integer</attrtype><attwidth Sync="TRUE">4</attwidth><atprecis Sync="TRUE">0</atprecis><attscale Sync="TRUE">0</attscale></attr><attr><attrlabl Sync="TRUE">m21Bn</attrlabl><attalias Sync="TRUE">m21Bn</attalias><attrtype Sync="TRUE">Integer</attrtype><attwidth Sync="TRUE">4</attwidth><atprecis Sync="TRUE">0</atprecis><attscale Sync="TRUE">0</attscale></attr><attr><attrlabl Sync="TRUE">m22_24Bn</attrlabl><attalias Sync="TRUE">m22_24Bn</attalias><attrtype Sync="TRUE">Integer</attrtype><attwidth Sync="TRUE">4</attwidth><atprecis Sync="TRUE">0</atprecis><attscale Sync="TRUE">0</attscale></attr><attr><attrlabl Sync="TRUE">m25_29Bn</attrlabl><attalias Sync="TRUE">m25_29Bn</attalias><attrtype Sync="TRUE">Integer</attrtype><attwidth Sync="TRUE">4</attwidth><atprecis Sync="TRUE">0</atprecis><attscale Sync="TRUE">0</attscale></attr><attr><attrlabl Sync="TRUE">m30_34Bn</attrlabl><attalias Sync="TRUE">m30_34Bn</attalias><attrtype Sync="TRUE">Integer</attrtype><attwidth Sync="TRUE">4</attwidth><atprecis Sync="TRUE">0</atprecis><attscale Sync="TRUE">0</attscale></attr><attr><attrlabl Sync="TRUE">m35_39Bn</attrlabl><attalias Sync="TRUE">m35_39Bn</attalias><attrtype Sync="TRUE">Integer</attrtype><attwidth Sync="TRUE">4</attwidth><atprecis Sync="TRUE">0</atprecis><attscale Sync="TRUE">0</attscale></attr><attr><attrlabl Sync="TRUE">m40_44Bn</attrlabl><attalias Sync="TRUE">m40_44Bn</attalias><attrtype Sync="TRUE">Integer</attrtype><attwidth Sync="TRUE">4</attwidth><atprecis Sync="TRUE">0</atprecis><attscale Sync="TRUE">0</attscale></attr><attr><attrlabl Sync="TRUE">m45_49Bn</attrlabl><attalias Sync="TRUE">m45_49Bn</attalias><attrtype Sync="TRUE">Integer</attrtype><attwidth Sync="TRUE">4</attwidth><atprecis Sync="TRUE">0</atprecis><attscale Sync="TRUE">0</attscale></attr><attr><attrlabl Sync="TRUE">m50_54Bn</attrlabl><attalias Sync="TRUE">m50_54Bn</attalias><attrtype Sync="TRUE">Integer</attrtype><attwidth Sync="TRUE">4</attwidth><atprecis Sync="TRUE">0</atprecis><attscale Sync="TRUE">0</attscale></attr><attr><attrlabl Sync="TRUE">m55_59Bn</attrlabl><attalias Sync="TRUE">m55_59Bn</attalias><attrtype Sync="TRUE">Integer</attrtype><attwidth Sync="TRUE">4</attwidth><atprecis Sync="TRUE">0</atprecis><attscale Sync="TRUE">0</attscale></attr><attr><attrlabl Sync="TRUE">m60_61Bn</attrlabl><attalias Sync="TRUE">m60_61Bn</attalias><attrtype Sync="TRUE">Integer</attrtype><attwidth Sync="TRUE">4</attwidth><atprecis Sync="TRUE">0</atprecis><attscale Sync="TRUE">0</attscale></attr><attr><attrlabl Sync="TRUE">m62_64Bn</attrlabl><attalias Sync="TRUE">m62_64Bn</attalias><attrtype Sync="TRUE">Integer</attrtype><attwidth Sync="TRUE">4</attwidth><atprecis Sync="TRUE">0</atprecis><attscale Sync="TRUE">0</attscale></attr><attr><attrlabl Sync="TRUE">m65_66Bn</attrlabl><attalias Sync="TRUE">m65_66Bn</attalias><attrtype Sync="TRUE">Integer</attrtype><attwidth Sync="TRUE">4</attwidth><atprecis Sync="TRUE">0</atprecis><attscale Sync="TRUE">0</attscale></attr><attr><attrlabl Sync="TRUE">m67_69Bn</attrlabl><attalias Sync="TRUE">m67_69Bn</attalias><attrtype Sync="TRUE">Integer</attrtype><attwidth Sync="TRUE">4</attwidth><atprecis Sync="TRUE">0</atprecis><attscale Sync="TRUE">0</attscale></attr><attr><attrlabl Sync="TRUE">m70_74Bn</attrlabl><attalias Sync="TRUE">m70_74Bn</attalias><attrtype Sync="TRUE">Integer</attrtype><attwidth Sync="TRUE">4</attwidth><atprecis Sync="TRUE">0</atprecis><attscale Sync="TRUE">0</attscale></attr><attr><attrlabl Sync="TRUE">m75_79Bn</attrlabl><attalias Sync="TRUE">m75_79Bn</attalias><attrtype Sync="TRUE">Integer</attrtype><attwidth Sync="TRUE">4</attwidth><atprecis Sync="TRUE">0</atprecis><attscale Sync="TRUE">0</attscale></attr><attr><attrlabl Sync="TRUE">m80_84Bn</attrlabl><attalias Sync="TRUE">m80_84Bn</attalias><attrtype Sync="TRUE">Integer</attrtype><attwidth Sync="TRUE">4</attwidth><atprecis Sync="TRUE">0</atprecis><attscale Sync="TRUE">0</attscale></attr><attr><attrlabl Sync="TRUE">m85Bn</attrlabl><attalias Sync="TRUE">m85Bn</attalias><attrtype Sync="TRUE">Integer</attrtype><attwidth Sync="TRUE">4</attwidth><atprecis Sync="TRUE">0</atprecis><attscale Sync="TRUE">0</attscale></attr><attr><attrlabl Sync="TRUE">f0_4Bn</attrlabl><attalias Sync="TRUE">f0_4Bn</attalias><attrtype Sync="TRUE">Integer</attrtype><attwidth Sync="TRUE">4</attwidth><atprecis Sync="TRUE">0</atprecis><attscale Sync="TRUE">0</attscale></attr><attr><attrlabl Sync="TRUE">f5_9Bn</attrlabl><attalias Sync="TRUE">f5_9Bn</attalias><attrtype Sync="TRUE">Integer</attrtype><attwidth Sync="TRUE">4</attwidth><atprecis Sync="TRUE">0</atprecis><attscale Sync="TRUE">0</attscale></attr><attr><attrlabl Sync="TRUE">f10_14Bn</attrlabl><attalias Sync="TRUE">f10_14Bn</attalias><attrtype Sync="TRUE">Integer</attrtype><attwidth Sync="TRUE">4</attwidth><atprecis Sync="TRUE">0</atprecis><attscale Sync="TRUE">0</attscale></attr><attr><attrlabl Sync="TRUE">f15_17Bn</attrlabl><attalias Sync="TRUE">f15_17Bn</attalias><attrtype Sync="TRUE">Integer</attrtype><attwidth Sync="TRUE">4</attwidth><atprecis Sync="TRUE">0</atprecis><attscale Sync="TRUE">0</attscale></attr><attr><attrlabl Sync="TRUE">f18_19Bn</attrlabl><attalias Sync="TRUE">f18_19Bn</attalias><attrtype Sync="TRUE">Integer</attrtype><attwidth Sync="TRUE">4</attwidth><atprecis Sync="TRUE">0</atprecis><attscale Sync="TRUE">0</attscale></attr><attr><attrlabl Sync="TRUE">f20Bn</attrlabl><attalias Sync="TRUE">f20Bn</attalias><attrtype Sync="TRUE">Integer</attrtype><attwidth Sync="TRUE">4</attwidth><atprecis Sync="TRUE">0</atprecis><attscale Sync="TRUE">0</attscale></attr><attr><attrlabl Sync="TRUE">f21Bn</attrlabl><attalias Sync="TRUE">f21Bn</attalias><attrtype Sync="TRUE">Integer</attrtype><attwidth Sync="TRUE">4</attwidth><atprecis Sync="TRUE">0</atprecis><attscale Sync="TRUE">0</attscale></attr><attr><attrlabl Sync="TRUE">f22_24Bn</attrlabl><attalias Sync="TRUE">f22_24Bn</attalias><attrtype Sync="TRUE">Integer</attrtype><attwidth Sync="TRUE">4</attwidth><atprecis Sync="TRUE">0</atprecis><attscale Sync="TRUE">0</attscale></attr><attr><attrlabl Sync="TRUE">f25_29Bn</attrlabl><attalias Sync="TRUE">f25_29Bn</attalias><attrtype Sync="TRUE">Integer</attrtype><attwidth Sync="TRUE">4</attwidth><atprecis Sync="TRUE">0</atprecis><attscale Sync="TRUE">0</attscale></attr><attr><attrlabl Sync="TRUE">f30_34Bn</attrlabl><attalias Sync="TRUE">f30_34Bn</attalias><attrtype Sync="TRUE">Integer</attrtype><attwidth Sync="TRUE">4</attwidth><atprecis Sync="TRUE">0</atprecis><attscale Sync="TRUE">0</attscale></attr><attr><attrlabl Sync="TRUE">f35_39Bn</attrlabl><attalias Sync="TRUE">f35_39Bn</attalias><attrtype Sync="TRUE">Integer</attrtype><attwidth Sync="TRUE">4</attwidth><atprecis Sync="TRUE">0</atprecis><attscale Sync="TRUE">0</attscale></attr><attr><attrlabl Sync="TRUE">f40_44Bn</attrlabl><attalias Sync="TRUE">f40_44Bn</attalias><attrtype Sync="TRUE">Integer</attrtype><attwidth Sync="TRUE">4</attwidth><atprecis Sync="TRUE">0</atprecis><attscale Sync="TRUE">0</attscale></attr><attr><attrlabl Sync="TRUE">f45_49Bn</attrlabl><attalias Sync="TRUE">f45_49Bn</attalias><attrtype Sync="TRUE">Integer</attrtype><attwidth Sync="TRUE">4</attwidth><atprecis Sync="TRUE">0</atprecis><attscale Sync="TRUE">0</attscale></attr><attr><attrlabl Sync="TRUE">f50_54Bn</attrlabl><attalias Sync="TRUE">f50_54Bn</attalias><attrtype Sync="TRUE">Integer</attrtype><attwidth Sync="TRUE">4</attwidth><atprecis Sync="TRUE">0</atprecis><attscale Sync="TRUE">0</attscale></attr><attr><attrlabl Sync="TRUE">f55_59Bn</attrlabl><attalias Sync="TRUE">f55_59Bn</attalias><attrtype Sync="TRUE">Integer</attrtype><attwidth Sync="TRUE">4</attwidth><atprecis Sync="TRUE">0</atprecis><attscale Sync="TRUE">0</attscale></attr><attr><attrlabl Sync="TRUE">f60_61Bn</attrlabl><attalias Sync="TRUE">f60_61Bn</attalias><attrtype Sync="TRUE">Integer</attrtype><attwidth Sync="TRUE">4</attwidth><atprecis Sync="TRUE">0</atprecis><attscale Sync="TRUE">0</attscale></attr><attr><attrlabl Sync="TRUE">f62_64Bn</attrlabl><attalias Sync="TRUE">f62_64Bn</attalias><attrtype Sync="TRUE">Integer</attrtype><attwidth Sync="TRUE">4</attwidth><atprecis Sync="TRUE">0</atprecis><attscale Sync="TRUE">0</attscale></attr><attr><attrlabl Sync="TRUE">f65_66Bn</attrlabl><attalias Sync="TRUE">f65_66Bn</attalias><attrtype Sync="TRUE">Integer</attrtype><attwidth Sync="TRUE">4</attwidth><atprecis Sync="TRUE">0</atprecis><attscale Sync="TRUE">0</attscale></attr><attr><attrlabl Sync="TRUE">f67_69Bn</attrlabl><attalias Sync="TRUE">f67_69Bn</attalias><attrtype Sync="TRUE">Integer</attrtype><attwidth Sync="TRUE">4</attwidth><atprecis Sync="TRUE">0</atprecis><attscale Sync="TRUE">0</attscale></attr><attr><attrlabl Sync="TRUE">f70_74Bn</attrlabl><attalias Sync="TRUE">f70_74Bn</attalias><attrtype Sync="TRUE">Integer</attrtype><attwidth Sync="TRUE">4</attwidth><atprecis Sync="TRUE">0</atprecis><attscale Sync="TRUE">0</attscale></attr><attr><attrlabl Sync="TRUE">f75_79Bn</attrlabl><attalias Sync="TRUE">f75_79Bn</attalias><attrtype Sync="TRUE">Integer</attrtype><attwidth Sync="TRUE">4</attwidth><atprecis Sync="TRUE">0</atprecis><attscale Sync="TRUE">0</attscale></attr><attr><attrlabl Sync="TRUE">f80_84Bn</attrlabl><attalias Sync="TRUE">f80_84Bn</attalias><attrtype Sync="TRUE">Integer</attrtype><attwidth Sync="TRUE">4</attwidth><atprecis Sync="TRUE">0</atprecis><attscale Sync="TRUE">0</attscale></attr><attr><attrlabl Sync="TRUE">f85Bn</attrlabl><attalias Sync="TRUE">f85Bn</attalias><attrtype Sync="TRUE">Integer</attrtype><attwidth Sync="TRUE">4</attwidth><atprecis Sync="TRUE">0</atprecis><attscale Sync="TRUE">0</attscale></attr><attr><attrlabl Sync="TRUE">poptotB</attrlabl><attalias Sync="TRUE">poptotB</attalias><attrtype Sync="TRUE">Integer</attrtype><attwidth Sync="TRUE">4</attwidth><atprecis Sync="TRUE">0</atprecis><attscale Sync="TRUE">0</attscale></attr><attr><attrlabl Sync="TRUE">blkBp</attrlabl><attalias Sync="TRUE">blkBp</attalias><attrtype Sync="TRUE">Double</attrtype><attwidth Sync="TRUE">8</attwidth><atprecis Sync="TRUE">0</atprecis><attscale Sync="TRUE">0</attscale></attr><attr><attrlabl Sync="TRUE">blk_nmBp</attrlabl><attalias Sync="TRUE">blk_nmBp</attalias><attrtype Sync="TRUE">Double</attrtype><attwidth Sync="TRUE">8</attwidth><atprecis Sync="TRUE">0</atprecis><attscale Sync="TRUE">0</attscale></attr><attr><attrlabl Sync="TRUE">britBp</attrlabl><attalias Sync="TRUE">britBp</attalias><attrtype Sync="TRUE">Double</attrtype><attwidth Sync="TRUE">8</attwidth><atprecis Sync="TRUE">0</atprecis><attscale Sync="TRUE">0</attscale></attr><attr><attrlabl Sync="TRUE">canadaBp</attrlabl><attalias Sync="TRUE">canadaBp</attalias><attrtype Sync="TRUE">Double</attrtype><attwidth Sync="TRUE">8</attwidth><atprecis Sync="TRUE">0</atprecis><attscale Sync="TRUE">0</attscale></attr><attr><attrlabl Sync="TRUE">chinaBp</attrlabl><attalias Sync="TRUE">chinaBp</attalias><attrtype Sync="TRUE">Double</attrtype><attwidth Sync="TRUE">8</attwidth><atprecis Sync="TRUE">0</atprecis><attscale Sync="TRUE">0</attscale></attr><attr><attrlabl Sync="TRUE">danishBp</attrlabl><attalias Sync="TRUE">danishBp</attalias><attrtype Sync="TRUE">Double</attrtype><attwidth Sync="TRUE">8</attwidth><atprecis Sync="TRUE">0</atprecis><attscale Sync="TRUE">0</attscale></attr><attr><attrlabl Sync="TRUE">frenchBp</attrlabl><attalias Sync="TRUE">frenchBp</attalias><attrtype Sync="TRUE">Double</attrtype><attwidth Sync="TRUE">8</attwidth><atprecis Sync="TRUE">0</atprecis><attscale Sync="TRUE">0</attscale></attr><attr><attrlabl Sync="TRUE">germanBp</attrlabl><attalias Sync="TRUE">germanBp</attalias><attrtype Sync="TRUE">Double</attrtype><attwidth Sync="TRUE">8</attwidth><atprecis Sync="TRUE">0</atprecis><attscale Sync="TRUE">0</attscale></attr><attr><attrlabl Sync="TRUE">irishBp</attrlabl><attalias Sync="TRUE">irishBp</attalias><attrtype Sync="TRUE">Double</attrtype><attwidth Sync="TRUE">8</attwidth><atprecis Sync="TRUE">0</atprecis><attscale Sync="TRUE">0</attscale></attr><attr><attrlabl Sync="TRUE">japanBp</attrlabl><attalias Sync="TRUE">japanBp</attalias><attrtype Sync="TRUE">Double</attrtype><attwidth Sync="TRUE">8</attwidth><atprecis Sync="TRUE">0</atprecis><attscale Sync="TRUE">0</attscale></attr><attr><attrlabl Sync="TRUE">mulattoBp</attrlabl><attalias Sync="TRUE">mulattoBp</attalias><attrtype Sync="TRUE">Double</attrtype><attwidth Sync="TRUE">8</attwidth><atprecis Sync="TRUE">0</atprecis><attscale Sync="TRUE">0</attscale></attr><attr><attrlabl Sync="TRUE">nat_amBp</attrlabl><attalias Sync="TRUE">nat_amBp</attalias><attrtype Sync="TRUE">Double</attrtype><attwidth Sync="TRUE">8</attwidth><atprecis Sync="TRUE">0</atprecis><attscale Sync="TRUE">0</attscale></attr><attr><attrlabl Sync="TRUE">norwayBp</attrlabl><attalias Sync="TRUE">norwayBp</attalias><attrtype Sync="TRUE">Double</attrtype><attwidth Sync="TRUE">8</attwidth><atprecis Sync="TRUE">0</atprecis><attscale Sync="TRUE">0</attscale></attr><attr><attrlabl Sync="TRUE">swedeBp</attrlabl><attalias Sync="TRUE">swedeBp</attalias><attrtype Sync="TRUE">Double</attrtype><attwidth Sync="TRUE">8</attwidth><atprecis Sync="TRUE">0</atprecis><attscale Sync="TRUE">0</attscale></attr><attr><attrlabl Sync="TRUE">nwnpBp</attrlabl><attalias Sync="TRUE">nwnpBp</attalias><attrtype Sync="TRUE">Double</attrtype><attwidth Sync="TRUE">8</attwidth><atprecis Sync="TRUE">0</atprecis><attscale Sync="TRUE">0</attscale></attr><attr><attrlabl Sync="TRUE">brit1Bp</attrlabl><attalias Sync="TRUE">brit1Bp</attalias><attrtype Sync="TRUE">Double</attrtype><attwidth Sync="TRUE">8</attwidth><atprecis Sync="TRUE">0</atprecis><attscale Sync="TRUE">0</attscale></attr><attr><attrlabl Sync="TRUE">canada1Bp</attrlabl><attalias Sync="TRUE">canada1Bp</attalias><attrtype Sync="TRUE">Double</attrtype><attwidth Sync="TRUE">8</attwidth><atprecis Sync="TRUE">0</atprecis><attscale Sync="TRUE">0</attscale></attr><attr><attrlabl Sync="TRUE">china1Bp</attrlabl><attalias Sync="TRUE">china1Bp</attalias><attrtype Sync="TRUE">Double</attrtype><attwidth Sync="TRUE">8</attwidth><atprecis Sync="TRUE">0</atprecis><attscale Sync="TRUE">0</attscale></attr><attr><attrlabl Sync="TRUE">danish1Bp</attrlabl><attalias Sync="TRUE">danish1Bp</attalias><attrtype Sync="TRUE">Double</attrtype><attwidth Sync="TRUE">8</attwidth><atprecis Sync="TRUE">0</atprecis><attscale Sync="TRUE">0</attscale></attr><attr><attrlabl Sync="TRUE">french1Bp</attrlabl><attalias Sync="TRUE">french1Bp</attalias><attrtype Sync="TRUE">Double</attrtype><attwidth Sync="TRUE">8</attwidth><atprecis Sync="TRUE">0</atprecis><attscale Sync="TRUE">0</attscale></attr><attr><attrlabl Sync="TRUE">german1Bp</attrlabl><attalias Sync="TRUE">german1Bp</attalias><attrtype Sync="TRUE">Double</attrtype><attwidth Sync="TRUE">8</attwidth><atprecis Sync="TRUE">0</atprecis><attscale Sync="TRUE">0</attscale></attr><attr><attrlabl Sync="TRUE">irish1Bp</attrlabl><attalias Sync="TRUE">irish1Bp</attalias><attrtype Sync="TRUE">Double</attrtype><attwidth Sync="TRUE">8</attwidth><atprecis Sync="TRUE">0</atprecis><attscale Sync="TRUE">0</attscale></attr><attr><attrlabl Sync="TRUE">japan1Bp</attrlabl><attalias Sync="TRUE">japan1Bp</attalias><attrtype Sync="TRUE">Double</attrtype><attwidth Sync="TRUE">8</attwidth><atprecis Sync="TRUE">0</atprecis><attscale Sync="TRUE">0</attscale></attr><attr><attrlabl Sync="TRUE">norway1Bp</attrlabl><attalias Sync="TRUE">norway1Bp</attalias><attrtype Sync="TRUE">Double</attrtype><attwidth Sync="TRUE">8</attwidth><atprecis Sync="TRUE">0</atprecis><attscale Sync="TRUE">0</attscale></attr><attr><attrlabl Sync="TRUE">swede1Bp</attrlabl><attalias Sync="TRUE">swede1Bp</attalias><attrtype Sync="TRUE">Double</attrtype><attwidth Sync="TRUE">8</attwidth><atprecis Sync="TRUE">0</atprecis><attscale Sync="TRUE">0</attscale></attr><attr><attrlabl Sync="TRUE">brit2Bp</attrlabl><attalias Sync="TRUE">brit2Bp</attalias><attrtype Sync="TRUE">Double</attrtype><attwidth Sync="TRUE">8</attwidth><atprecis Sync="TRUE">0</atprecis><attscale Sync="TRUE">0</attscale></attr><attr><attrlabl Sync="TRUE">canada2Bp</attrlabl><attalias Sync="TRUE">canada2Bp</attalias><attrtype Sync="TRUE">Double</attrtype><attwidth Sync="TRUE">8</attwidth><atprecis Sync="TRUE">0</atprecis><attscale Sync="TRUE">0</attscale></attr><attr><attrlabl Sync="TRUE">china2Bp</attrlabl><attalias Sync="TRUE">china2Bp</attalias><attrtype Sync="TRUE">Double</attrtype><attwidth Sync="TRUE">8</attwidth><atprecis Sync="TRUE">0</atprecis><attscale Sync="TRUE">0</attscale></attr><attr><attrlabl Sync="TRUE">danish2Bp</attrlabl><attalias Sync="TRUE">danish2Bp</attalias><attrtype Sync="TRUE">Double</attrtype><attwidth Sync="TRUE">8</attwidth><atprecis Sync="TRUE">0</atprecis><attscale Sync="TRUE">0</attscale></attr><attr><attrlabl Sync="TRUE">french2Bp</attrlabl><attalias Sync="TRUE">french2Bp</attalias><attrtype Sync="TRUE">Double</attrtype><attwidth Sync="TRUE">8</attwidth><atprecis Sync="TRUE">0</atprecis><attscale Sync="TRUE">0</attscale></attr><attr><attrlabl Sync="TRUE">german2Bp</attrlabl><attalias Sync="TRUE">german2Bp</attalias><attrtype Sync="TRUE">Double</attrtype><attwidth Sync="TRUE">8</attwidth><atprecis Sync="TRUE">0</atprecis><attscale Sync="TRUE">0</attscale></attr><attr><attrlabl Sync="TRUE">irish2Bp</attrlabl><attalias Sync="TRUE">irish2Bp</attalias><attrtype Sync="TRUE">Double</attrtype><attwidth Sync="TRUE">8</attwidth><atprecis Sync="TRUE">0</atprecis><attscale Sync="TRUE">0</attscale></attr><attr><attrlabl Sync="TRUE">japan2Bp</attrlabl><attalias Sync="TRUE">japan2Bp</attalias><attrtype Sync="TRUE">Double</attrtype><attwidth Sync="TRUE">8</attwidth><atprecis Sync="TRUE">0</atprecis><attscale Sync="TRUE">0</attscale></attr><attr><attrlabl Sync="TRUE">norway2Bp</attrlabl><attalias Sync="TRUE">norway2Bp</attalias><attrtype Sync="TRUE">Double</attrtype><attwidth Sync="TRUE">8</attwidth><atprecis Sync="TRUE">0</atprecis><attscale Sync="TRUE">0</attscale></attr><attr><attrlabl Sync="TRUE">swede2Bp</attrlabl><attalias Sync="TRUE">swede2Bp</attalias><attrtype Sync="TRUE">Double</attrtype><attwidth Sync="TRUE">8</attwidth><atprecis Sync="TRUE">0</atprecis><attscale Sync="TRUE">0</attscale></attr><attr><attrlabl Sync="TRUE">fbBp</attrlabl><attalias Sync="TRUE">fbBp</attalias><attrtype Sync="TRUE">Double</attrtype><attwidth Sync="TRUE">8</attwidth><atprecis Sync="TRUE">0</atprecis><attscale Sync="TRUE">0</attscale></attr><attr><attrlabl Sync="TRUE">t60Bp</attrlabl><attalias Sync="TRUE">t60Bp</attalias><attrtype Sync="TRUE">Double</attrtype><attwidth Sync="TRUE">8</attwidth><atprecis Sync="TRUE">0</atprecis><attscale Sync="TRUE">0</attscale></attr><attr><attrlabl Sync="TRUE">t0_16Bp</attrlabl><attalias Sync="TRUE">t0_16Bp</attalias><attrtype Sync="TRUE">Double</attrtype><attwidth Sync="TRUE">8</attwidth><atprecis Sync="TRUE">0</atprecis><attscale Sync="TRUE">0</attscale></attr><attr><attrlabl Sync="TRUE">mlf15_64Bn</attrlabl><attalias Sync="TRUE">mlf15_64Bn</attalias><attrtype Sync="TRUE">Integer</attrtype><attwidth Sync="TRUE">4</attwidth><atprecis Sync="TRUE">0</atprecis><attscale Sync="TRUE">0</attscale></attr><attr><attrlabl Sync="TRUE">m15_64Bn</attrlabl><attalias Sync="TRUE">m15_64Bn</attalias><attrtype Sync="TRUE">Integer</attrtype><attwidth Sync="TRUE">4</attwidth><atprecis Sync="TRUE">0</atprecis><attscale Sync="TRUE">0</attscale></attr><attr><attrlabl Sync="TRUE">mlf15_64Bp</attrlabl><attalias Sync="TRUE">mlf15_64Bp</attalias><attrtype Sync="TRUE">Double</attrtype><attwidth Sync="TRUE">8</attwidth><atprecis Sync="TRUE">0</atprecis><attscale Sync="TRUE">0</attscale></attr><attr><attrlabl Sync="TRUE">flf15_64Bn</attrlabl><attalias Sync="TRUE">flf15_64Bn</attalias><attrtype Sync="TRUE">Integer</attrtype><attwidth Sync="TRUE">4</attwidth><atprecis Sync="TRUE">0</atprecis><attscale Sync="TRUE">0</attscale></attr><attr><attrlabl Sync="TRUE">f15_64Bn</attrlabl><attalias Sync="TRUE">f15_64Bn</attalias><attrtype Sync="TRUE">Integer</attrtype><attwidth Sync="TRUE">4</attwidth><atprecis Sync="TRUE">0</atprecis><attscale Sync="TRUE">0</attscale></attr><attr><attrlabl Sync="TRUE">flf15_64Bp</attrlabl><attalias Sync="TRUE">flf15_64Bp</attalias><attrtype Sync="TRUE">Double</attrtype><attwidth Sync="TRUE">8</attwidth><atprecis Sync="TRUE">0</atprecis><attscale Sync="TRUE">0</attscale></attr><attr><attrlabl Sync="TRUE">tlf15_64Bn</attrlabl><attalias Sync="TRUE">tlf15_64Bn</attalias><attrtype Sync="TRUE">Integer</attrtype><attwidth Sync="TRUE">4</attwidth><atprecis Sync="TRUE">0</atprecis><attscale Sync="TRUE">0</attscale></attr><attr><attrlabl Sync="TRUE">t15_64Bn</attrlabl><attalias Sync="TRUE">t15_64Bn</attalias><attrtype Sync="TRUE">Integer</attrtype><attwidth Sync="TRUE">4</attwidth><atprecis Sync="TRUE">0</atprecis><attscale Sync="TRUE">0</attscale></attr><attr><attrlabl Sync="TRUE">tlf15_64Bp</attrlabl><attalias Sync="TRUE">tlf15_64Bp</attalias><attrtype Sync="TRUE">Double</attrtype><attwidth Sync="TRUE">8</attwidth><atprecis Sync="TRUE">0</atprecis><attscale Sync="TRUE">0</attscale></attr><attr><attrlabl Sync="TRUE">marriedBn</attrlabl><attalias Sync="TRUE">marriedBn</attalias><attrtype Sync="TRUE">Integer</attrtype><attwidth Sync="TRUE">4</attwidth><atprecis Sync="TRUE">0</atprecis><attscale Sync="TRUE">0</attscale></attr><attr><attrlabl Sync="TRUE">t18Bn</attrlabl><attalias Sync="TRUE">t18Bn</attalias><attrtype Sync="TRUE">Integer</attrtype><attwidth Sync="TRUE">4</attwidth><atprecis Sync="TRUE">0</atprecis><attscale Sync="TRUE">0</attscale></attr><attr><attrlabl Sync="TRUE">marriedBp</attrlabl><attalias Sync="TRUE">marriedBp</attalias><attrtype Sync="TRUE">Double</attrtype><attwidth Sync="TRUE">8</attwidth><atprecis Sync="TRUE">0</atprecis><attscale Sync="TRUE">0</attscale></attr><attr><attrlabl Sync="TRUE">m18_44Bn</attrlabl><attalias Sync="TRUE">m18_44Bn</attalias><attrtype Sync="TRUE">Integer</attrtype><attwidth Sync="TRUE">4</attwidth><atprecis Sync="TRUE">0</atprecis><attscale Sync="TRUE">0</attscale></attr><attr><attrlabl Sync="TRUE">f18_44Bn</attrlabl><attalias Sync="TRUE">f18_44Bn</attalias><attrtype Sync="TRUE">Integer</attrtype><attwidth Sync="TRUE">4</attwidth><atprecis Sync="TRUE">0</atprecis><attscale Sync="TRUE">0</attscale></attr><attr><attrlabl Sync="TRUE">t18_44Bn</attrlabl><attalias Sync="TRUE">t18_44Bn</attalias><attrtype Sync="TRUE">Integer</attrtype><attwidth Sync="TRUE">4</attwidth><atprecis Sync="TRUE">0</atprecis><attscale Sync="TRUE">0</attscale></attr><attr><attrlabl Sync="TRUE">m18_44Bp</attrlabl><attalias Sync="TRUE">m18_44Bp</attalias><attrtype Sync="TRUE">Double</attrtype><attwidth Sync="TRUE">8</attwidth><atprecis Sync="TRUE">0</atprecis><attscale Sync="TRUE">0</attscale></attr><attr><attrlabl Sync="TRUE">f18_44Bp</attrlabl><attalias Sync="TRUE">f18_44Bp</attalias><attrtype Sync="TRUE">Double</attrtype><attwidth Sync="TRUE">8</attwidth><atprecis Sync="TRUE">0</atprecis><attscale Sync="TRUE">0</attscale></attr><attr><attrlabl Sync="TRUE">hh_kidsBn</attrlabl><attalias Sync="TRUE">hh_kidsBn</attalias><attrtype Sync="TRUE">Integer</attrtype><attwidth Sync="TRUE">4</attwidth><atprecis Sync="TRUE">0</atprecis><attscale Sync="TRUE">0</attscale></attr><attr><attrlabl Sync="TRUE">hhBn</attrlabl><attalias Sync="TRUE">hhBn</attalias><attrtype Sync="TRUE">Integer</attrtype><attwidth Sync="TRUE">4</attwidth><atprecis Sync="TRUE">0</atprecis><attscale Sync="TRUE">0</attscale></attr><attr><attrlabl Sync="TRUE">hh_kidsBp</attrlabl><attalias Sync="TRUE">hh_kidsBp</attalias><attrtype Sync="TRUE">Double</attrtype><attwidth Sync="TRUE">8</attwidth><atprecis Sync="TRUE">0</atprecis><attscale Sync="TRUE">0</attscale></attr><attr><attrlabl Sync="TRUE">meanseiB</attrlabl><attalias Sync="TRUE">meanseiB</attalias><attrtype Sync="TRUE">Double</attrtype><attwidth Sync="TRUE">8</attwidth><atprecis Sync="TRUE">0</atprecis><attscale Sync="TRUE">0</attscale></attr><attr><attrlabl Sync="TRUE">year</attrlabl><attalias Sync="TRUE">year</attalias><attrtype Sync="TRUE">Integer</attrtype><attwidth Sync="TRUE">4</attwidth><atprecis Sync="TRUE">0</atprecis><attscale Sync="TRUE">0</attscale></attr><attr><attrlabl Sync="TRUE">NonOver_Se</attrlabl><attalias Sync="TRUE">NonOver_Se</attalias><attrtype Sync="TRUE">Integer</attrtype><attwidth Sync="TRUE">4</attwidth><atprecis Sync="TRUE">0</atprecis><attscale Sync="TRUE">0</attscale></attr><attr><attrlabl Sync="TRUE">NonOver_Ex</attrlabl><attalias Sync="TRUE">NonOver_Ex</attalias><attrtype Sync="TRUE">Integer</attrtype><attwidth Sync="TRUE">4</attwidth><atprecis Sync="TRUE">0</atprecis><attscale Sync="TRUE">0</attscale></attr><attr><attrlabl Sync="TRUE">Segment_id</attrlabl><attalias Sync="TRUE">Segment_id</attalias><attrtype Sync="TRUE">Integer</attrtype><attwidth Sync="TRUE">4</attwidth><atprecis Sync="TRUE">0</atprecis><attscale Sync="TRUE">0</attscale></attr><attr><attrlabl Sync="TRUE">unittype</attrlabl><attalias Sync="TRUE">unittype</attalias><attrtype Sync="TRUE">String</attrtype><attwidth Sync="TRUE">20</attwidth><atprecis Sync="TRUE">0</atprecis><attscale Sync="TRUE">0</attscale></attr></detailed></eainfo><mdDateSt Sync="TRUE">20210712</mdDateSt></metadata>
