<?xml version="1.0" encoding="UTF-8"?>
<metadata xml:lang="en"><Esri><CreaDate>20191210</CreaDate><CreaTime>15180300</CreaTime><ArcGISFormat>1.0</ArcGISFormat><SyncOnce>FALSE</SyncOnce><DataProperties><itemProps><itemName Sync="TRUE">thedata</itemName><imsContentType Sync="TRUE">002</imsContentType><itemSize Sync="TRUE">0.000</itemSize><itemLocation><linkage Sync="TRUE">file://\\GEOG-37RJ0Z2\C$\Users\rshepard2\Documents\Research\DC-Methods\thedata.shp</linkage><protocol Sync="TRUE">Local Area Network</protocol></itemLocation></itemProps><coordRef><type Sync="TRUE">Geographic</type><geogcsn Sync="TRUE">GCS_WGS_1984</geogcsn><csUnits Sync="TRUE">Angular Unit: Degree (0.017453)</csUnits><peXml Sync="TRUE">&lt;GeographicCoordinateSystem xsi:type='typens:GeographicCoordinateSystem' xmlns:xsi='http://www.w3.org/2001/XMLSchema-instance' xmlns:xs='http://www.w3.org/2001/XMLSchema' xmlns:typens='http://www.esri.com/schemas/ArcGIS/10.7'&gt;&lt;WKT&gt;GEOGCS[&amp;quot;GCS_WGS_1984&amp;quot;,DATUM[&amp;quot;D_WGS_1984&amp;quot;,SPHEROID[&amp;quot;WGS_1984&amp;quot;,6378137.0,298.257223563]],PRIMEM[&amp;quot;Greenwich&amp;quot;,0.0],UNIT[&amp;quot;Degree&amp;quot;,0.0174532925199433],AUTHORITY[&amp;quot;EPSG&amp;quot;,4326]]&lt;/WKT&gt;&lt;XOrigin&gt;-400&lt;/XOrigin&gt;&lt;YOrigin&gt;-400&lt;/YOrigin&gt;&lt;XYScale&gt;11258999068426.238&lt;/XYScale&gt;&lt;ZOrigin&gt;-100000&lt;/ZOrigin&gt;&lt;ZScale&gt;10000&lt;/ZScale&gt;&lt;MOrigin&gt;-100000&lt;/MOrigin&gt;&lt;MScale&gt;10000&lt;/MScale&gt;&lt;XYTolerance&gt;8.983152841195215e-09&lt;/XYTolerance&gt;&lt;ZTolerance&gt;0.001&lt;/ZTolerance&gt;&lt;MTolerance&gt;0.001&lt;/MTolerance&gt;&lt;HighPrecision&gt;true&lt;/HighPrecision&gt;&lt;LeftLongitude&gt;-180&lt;/LeftLongitude&gt;&lt;WKID&gt;4326&lt;/WKID&gt;&lt;LatestWKID&gt;4326&lt;/LatestWKID&gt;&lt;/GeographicCoordinateSystem&gt;</peXml></coordRef><lineage><Process ToolSource="c:\program files (x86)\arcgis\desktop10.7\ArcToolbox\Toolboxes\Data Management Tools.tbx\Merge" Date="20191210" Time="151807">Merge WHITE_HOH;POC_HOHs_Nov30 C:\Users\rshepard2\Documents\Research\DC-Methods\thedata.shp "OBJECTID "OBJECTID" true true false 16 Double 6 15 ,First,#,WHITE_HOH,OBJECTID,-1,-1,POC_HOHs_Nov30,OBJECTID,-1,-1;Match_addr "Match_addr" true true false 254 Text 0 0 ,First,#,WHITE_HOH,Match_addr,-1,-1,POC_HOHs_Nov30,Match_addr,-1,-1;ARC_Single "ARC_Single" true true false 254 Text 0 0 ,First,#,WHITE_HOH,ARC_Single,-1,-1,POC_HOHs_Nov30,ARC_Single,-1,-1;FAMNUM "FAMNUM" true true false 16 Double 6 15 ,First,#,WHITE_HOH,FAMNUM,-1,-1,POC_HOHs_Nov30,FAMNUM,-1,-1;LNAME "LNAME" true true false 254 Text 0 0 ,First,#,WHITE_HOH,LNAME,-1,-1,POC_HOHs_Nov30,LNAME,-1,-1;FNAME "FNAME" true true false 254 Text 0 0 ,First,#,WHITE_HOH,FNAME,-1,-1,POC_HOHs_Nov30,FNAME,-1,-1;AGE "AGE" true true false 16 Double 6 15 ,First,#,WHITE_HOH,AGE,-1,-1,POC_HOHs_Nov30,AGE,-1,-1;BDATE "BDATE" true true false 16 Double 6 15 ,First,#,WHITE_HOH,BDATE,-1,-1,POC_HOHs_Nov30,BDATE,-1,-1;GENDER "GENDER" true true false 254 Text 0 0 ,First,#,WHITE_HOH,GENDER,-1,-1,POC_HOHs_Nov30,GENDER,-1,-1;RACE "RACE" true true false 254 Text 0 0 ,First,#,WHITE_HOH,RACE,-1,-1,POC_HOHs_Nov30,RACE,-1,-1;BIRTHPLACE "BIRTHPLACE" true true false 254 Text 0 0 ,First,#,WHITE_HOH,BIRTHPLACE,-1,-1,POC_HOHs_Nov30,BIRTHPLACE,-1,-1;OCCUPATION "OCCUPATION" true true false 254 Text 0 0 ,First,#,WHITE_HOH,OCCUPATION,-1,-1,POC_HOHs_Nov30,OCCUPATION,-1,-1;REALEST "REALEST" true true false 16 Double 6 15 ,First,#,WHITE_HOH,REALEST,-1,-1,POC_HOHs_Nov30,REALEST,-1,-1;PEREST "PEREST" true true false 16 Double 6 15 ,First,#,WHITE_HOH,PEREST,-1,-1,POC_HOHs_Nov30,PEREST,-1,-1;HBDS "HBDS" true true false 254 Text 0 0 ,First,#,WHITE_HOH,HBDS,-1,-1,POC_HOHs_Nov30,HBDS,-1,-1;ADDRESS "ADDRESS" true true false 254 Text 0 0 ,First,#,WHITE_HOH,ADDRESS,-1,-1,POC_HOHs_Nov30,ADDRESS,-1,-1;CODE "CODE" true true false 16 Double 6 15 ,First,#,WHITE_HOH,CODE,-1,-1,POC_HOHs_Nov30,CODE,-1,-1;FAMREAL "FAMREAL" true true false 16 Double 6 15 ,First,#,WHITE_HOH,FAMREAL,-1,-1,POC_HOHs_Nov30,FAMREAL,-1,-1;FAMEST "FAMEST" true true false 16 Double 6 15 ,First,#,WHITE_HOH,FAMEST,-1,-1,POC_HOHs_Nov30,FAMEST,-1,-1;SLAVES "SLAVES" true true false 254 Text 0 0 ,First,#,WHITE_HOH,SLAVES,-1,-1,POC_HOHs_Nov30,SLAVES,-1,-1;SLAVEOWNER "SLAVEOWNER" true true false 254 Text 0 0 ,First,#,WHITE_HOH,SLAVEOWNER,-1,-1,POC_HOHs_Nov30,SLAVEOWNER,-1,-1;FULLADD "FULLADD" true true false 254 Text 0 0 ,First,#,WHITE_HOH,FULLADD,-1,-1,POC_HOHs_Nov30,FULLADD,-1,-1;TXTJOIN "TXTJOIN" true true false 254 Text 0 0 ,First,#,WHITE_HOH,TXTJOIN,-1,-1,POC_HOHs_Nov30,TXTJOIN,-1,-1;TXTJOIN_1 "TXTJOIN_1" true true false 254 Text 0 0 ,First,#,WHITE_HOH,TXTJOIN_1,-1,-1,POC_HOHs_Nov30,TXTJOIN_1,-1,-1;WARD_1 "WARD_1" true true false 16 Double 6 15 ,First,#,WHITE_HOH,WARD_1,-1,-1,POC_HOHs_Nov30,WARD_1,-1,-1;WHITE "WHITE" true true false 16 Double 6 15 ,First,#,WHITE_HOH,WHITE,-1,-1,POC_HOHs_Nov30,WHITE,-1,-1;MULATTO "MULATTO" true true false 16 Double 6 15 ,First,#,WHITE_HOH,MULATTO,-1,-1,POC_HOHs_Nov30,MULATTO,-1,-1;BLACK "BLACK" true true false 16 Double 6 15 ,First,#,WHITE_HOH,BLACK,-1,-1,POC_HOHs_Nov30,BLACK,-1,-1;COUNT "COUNT" true true false 16 Double 6 15 ,First,#,WHITE_HOH,COUNT,-1,-1,POC_HOHs_Nov30,COUNT,-1,-1;lat "lat" true true false 16 Double 6 15 ,First,#,WHITE_HOH,lat,-1,-1,POC_HOHs_Nov30,lat,-1,-1;long "long" true true false 16 Double 6 15 ,First,#,WHITE_HOH,long,-1,-1,POC_HOHs_Nov30,long,-1,-1"</Process></lineage></DataProperties><SyncDate>20191210</SyncDate><SyncTime>15180300</SyncTime><ModDate>20191210</ModDate><ModTime>15180300</ModTime></Esri><dataIdInfo><envirDesc Sync="TRUE"> Version 6.2 (Build 9200) ; Esri ArcGIS 10.7.1.11595</envirDesc><dataLang><languageCode value="eng" Sync="TRUE"></languageCode><countryCode value="USA" Sync="TRUE"></countryCode></dataLang><idCitation><resTitle Sync="TRUE">thedata</resTitle><presForm><PresFormCd value="005" Sync="TRUE"></PresFormCd></presForm></idCitation><spatRpType><SpatRepTypCd value="001" Sync="TRUE"></SpatRepTypCd></spatRpType></dataIdInfo><mdLang><languageCode value="eng" Sync="TRUE"></languageCode><countryCode value="USA" Sync="TRUE"></countryCode></mdLang><mdChar><CharSetCd value="004" Sync="TRUE"></CharSetCd></mdChar><distInfo><distFormat><formatName Sync="TRUE">Shapefile</formatName></distFormat><distTranOps><transSize Sync="TRUE">0.000</transSize></distTranOps></distInfo><mdHrLv><ScopeCd value="005" Sync="TRUE"></ScopeCd></mdHrLv><mdHrLvName Sync="TRUE">dataset</mdHrLvName><refSysInfo><RefSystem><refSysID><identCode code="4326" Sync="TRUE"></identCode><idCodeSpace Sync="TRUE">EPSG</idCodeSpace><idVersion Sync="TRUE">6.14(3.0.1)</idVersion></refSysID></RefSystem></refSysInfo><spatRepInfo><VectSpatRep><geometObjs Name="thedata"><geoObjTyp><GeoObjTypCd value="004" Sync="TRUE"></GeoObjTypCd></geoObjTyp><geoObjCnt Sync="TRUE">0</geoObjCnt></geometObjs><topLvl><TopoLevCd value="001" Sync="TRUE"></TopoLevCd></topLvl></VectSpatRep></spatRepInfo><spdoinfo><ptvctinf><esriterm Name="thedata"><efeatyp Sync="TRUE">Simple</efeatyp><efeageom code="1" Sync="TRUE"></efeageom><esritopo Sync="TRUE">FALSE</esritopo><efeacnt Sync="TRUE">0</efeacnt><spindex Sync="TRUE">FALSE</spindex><linrefer Sync="TRUE">FALSE</linrefer></esriterm></ptvctinf></spdoinfo><eainfo><detailed Name="thedata"><enttyp><enttypl Sync="TRUE">thedata</enttypl><enttypt Sync="TRUE">Feature Class</enttypt><enttypc Sync="TRUE">0</enttypc></enttyp><attr><attrlabl Sync="TRUE">FID</attrlabl><attalias Sync="TRUE">FID</attalias><attrtype Sync="TRUE">OID</attrtype><attwidth Sync="TRUE">4</attwidth><atprecis Sync="TRUE">0</atprecis><attscale Sync="TRUE">0</attscale><attrdef Sync="TRUE">Internal feature number.</attrdef><attrdefs Sync="TRUE">Esri</attrdefs><attrdomv><udom Sync="TRUE">Sequential unique whole numbers that are automatically generated.</udom></attrdomv></attr><attr><attrlabl Sync="TRUE">Shape</attrlabl><attalias Sync="TRUE">Shape</attalias><attrtype Sync="TRUE">Geometry</attrtype><attwidth Sync="TRUE">0</attwidth><atprecis Sync="TRUE">0</atprecis><attscale Sync="TRUE">0</attscale><attrdef Sync="TRUE">Feature geometry.</attrdef><attrdefs Sync="TRUE">Esri</attrdefs><attrdomv><udom Sync="TRUE">Coordinates defining the features.</udom></attrdomv></attr><attr><attrlabl Sync="TRUE">OBJECTID</attrlabl><attalias Sync="TRUE">OBJECTID</attalias><attrtype Sync="TRUE">Double</attrtype><attwidth Sync="TRUE">16</attwidth><atprecis Sync="TRUE">15</atprecis><attscale Sync="TRUE">6</attscale></attr><attr><attrlabl Sync="TRUE">Match_addr</attrlabl><attalias Sync="TRUE">Match_addr</attalias><attrtype Sync="TRUE">String</attrtype><attwidth Sync="TRUE">254</attwidth><atprecis Sync="TRUE">0</atprecis><attscale Sync="TRUE">0</attscale></attr><attr><attrlabl Sync="TRUE">ARC_Single</attrlabl><attalias Sync="TRUE">ARC_Single</attalias><attrtype Sync="TRUE">String</attrtype><attwidth Sync="TRUE">254</attwidth><atprecis Sync="TRUE">0</atprecis><attscale Sync="TRUE">0</attscale></attr><attr><attrlabl Sync="TRUE">FAMNUM</attrlabl><attalias Sync="TRUE">FAMNUM</attalias><attrtype Sync="TRUE">Double</attrtype><attwidth Sync="TRUE">16</attwidth><atprecis Sync="TRUE">15</atprecis><attscale Sync="TRUE">6</attscale></attr><attr><attrlabl Sync="TRUE">LNAME</attrlabl><attalias Sync="TRUE">LNAME</attalias><attrtype Sync="TRUE">String</attrtype><attwidth Sync="TRUE">254</attwidth><atprecis Sync="TRUE">0</atprecis><attscale Sync="TRUE">0</attscale></attr><attr><attrlabl Sync="TRUE">FNAME</attrlabl><attalias Sync="TRUE">FNAME</attalias><attrtype Sync="TRUE">String</attrtype><attwidth Sync="TRUE">254</attwidth><atprecis Sync="TRUE">0</atprecis><attscale Sync="TRUE">0</attscale></attr><attr><attrlabl Sync="TRUE">AGE</attrlabl><attalias Sync="TRUE">AGE</attalias><attrtype Sync="TRUE">Double</attrtype><attwidth Sync="TRUE">16</attwidth><atprecis Sync="TRUE">15</atprecis><attscale Sync="TRUE">6</attscale></attr><attr><attrlabl Sync="TRUE">BDATE</attrlabl><attalias Sync="TRUE">BDATE</attalias><attrtype Sync="TRUE">Double</attrtype><attwidth Sync="TRUE">16</attwidth><atprecis Sync="TRUE">15</atprecis><attscale Sync="TRUE">6</attscale></attr><attr><attrlabl Sync="TRUE">GENDER</attrlabl><attalias Sync="TRUE">GENDER</attalias><attrtype Sync="TRUE">String</attrtype><attwidth Sync="TRUE">254</attwidth><atprecis Sync="TRUE">0</atprecis><attscale Sync="TRUE">0</attscale></attr><attr><attrlabl Sync="TRUE">RACE</attrlabl><attalias Sync="TRUE">RACE</attalias><attrtype Sync="TRUE">String</attrtype><attwidth Sync="TRUE">254</attwidth><atprecis Sync="TRUE">0</atprecis><attscale Sync="TRUE">0</attscale></attr><attr><attrlabl Sync="TRUE">BIRTHPLACE</attrlabl><attalias Sync="TRUE">BIRTHPLACE</attalias><attrtype Sync="TRUE">String</attrtype><attwidth Sync="TRUE">254</attwidth><atprecis Sync="TRUE">0</atprecis><attscale Sync="TRUE">0</attscale></attr><attr><attrlabl Sync="TRUE">OCCUPATION</attrlabl><attalias Sync="TRUE">OCCUPATION</attalias><attrtype Sync="TRUE">String</attrtype><attwidth Sync="TRUE">254</attwidth><atprecis Sync="TRUE">0</atprecis><attscale Sync="TRUE">0</attscale></attr><attr><attrlabl Sync="TRUE">REALEST</attrlabl><attalias Sync="TRUE">REALEST</attalias><attrtype Sync="TRUE">Double</attrtype><attwidth Sync="TRUE">16</attwidth><atprecis Sync="TRUE">15</atprecis><attscale Sync="TRUE">6</attscale></attr><attr><attrlabl Sync="TRUE">PEREST</attrlabl><attalias Sync="TRUE">PEREST</attalias><attrtype Sync="TRUE">Double</attrtype><attwidth Sync="TRUE">16</attwidth><atprecis Sync="TRUE">15</atprecis><attscale Sync="TRUE">6</attscale></attr><attr><attrlabl Sync="TRUE">HBDS</attrlabl><attalias Sync="TRUE">HBDS</attalias><attrtype Sync="TRUE">String</attrtype><attwidth Sync="TRUE">254</attwidth><atprecis Sync="TRUE">0</atprecis><attscale Sync="TRUE">0</attscale></attr><attr><attrlabl Sync="TRUE">ADDRESS</attrlabl><attalias Sync="TRUE">ADDRESS</attalias><attrtype Sync="TRUE">String</attrtype><attwidth Sync="TRUE">254</attwidth><atprecis Sync="TRUE">0</atprecis><attscale Sync="TRUE">0</attscale></attr><attr><attrlabl Sync="TRUE">CODE</attrlabl><attalias Sync="TRUE">CODE</attalias><attrtype Sync="TRUE">Double</attrtype><attwidth Sync="TRUE">16</attwidth><atprecis Sync="TRUE">15</atprecis><attscale Sync="TRUE">6</attscale></attr><attr><attrlabl Sync="TRUE">FAMREAL</attrlabl><attalias Sync="TRUE">FAMREAL</attalias><attrtype Sync="TRUE">Double</attrtype><attwidth Sync="TRUE">16</attwidth><atprecis Sync="TRUE">15</atprecis><attscale Sync="TRUE">6</attscale></attr><attr><attrlabl Sync="TRUE">FAMEST</attrlabl><attalias Sync="TRUE">FAMEST</attalias><attrtype Sync="TRUE">Double</attrtype><attwidth Sync="TRUE">16</attwidth><atprecis Sync="TRUE">15</atprecis><attscale Sync="TRUE">6</attscale></attr><attr><attrlabl Sync="TRUE">SLAVES</attrlabl><attalias Sync="TRUE">SLAVES</attalias><attrtype Sync="TRUE">String</attrtype><attwidth Sync="TRUE">254</attwidth><atprecis Sync="TRUE">0</atprecis><attscale Sync="TRUE">0</attscale></attr><attr><attrlabl Sync="TRUE">SLAVEOWNER</attrlabl><attalias Sync="TRUE">SLAVEOWNER</attalias><attrtype Sync="TRUE">String</attrtype><attwidth Sync="TRUE">254</attwidth><atprecis Sync="TRUE">0</atprecis><attscale Sync="TRUE">0</attscale></attr><attr><attrlabl Sync="TRUE">FULLADD</attrlabl><attalias Sync="TRUE">FULLADD</attalias><attrtype Sync="TRUE">String</attrtype><attwidth Sync="TRUE">254</attwidth><atprecis Sync="TRUE">0</atprecis><attscale Sync="TRUE">0</attscale></attr><attr><attrlabl Sync="TRUE">TXTJOIN</attrlabl><attalias Sync="TRUE">TXTJOIN</attalias><attrtype Sync="TRUE">String</attrtype><attwidth Sync="TRUE">254</attwidth><atprecis Sync="TRUE">0</atprecis><attscale Sync="TRUE">0</attscale></attr><attr><attrlabl Sync="TRUE">TXTJOIN_1</attrlabl><attalias Sync="TRUE">TXTJOIN_1</attalias><attrtype Sync="TRUE">String</attrtype><attwidth Sync="TRUE">254</attwidth><atprecis Sync="TRUE">0</atprecis><attscale Sync="TRUE">0</attscale></attr><attr><attrlabl Sync="TRUE">WARD_1</attrlabl><attalias Sync="TRUE">WARD_1</attalias><attrtype Sync="TRUE">Double</attrtype><attwidth Sync="TRUE">16</attwidth><atprecis Sync="TRUE">15</atprecis><attscale Sync="TRUE">6</attscale></attr><attr><attrlabl Sync="TRUE">WHITE</attrlabl><attalias Sync="TRUE">WHITE</attalias><attrtype Sync="TRUE">Double</attrtype><attwidth Sync="TRUE">16</attwidth><atprecis Sync="TRUE">15</atprecis><attscale Sync="TRUE">6</attscale></attr><attr><attrlabl Sync="TRUE">MULATTO</attrlabl><attalias Sync="TRUE">MULATTO</attalias><attrtype Sync="TRUE">Double</attrtype><attwidth Sync="TRUE">16</attwidth><atprecis Sync="TRUE">15</atprecis><attscale Sync="TRUE">6</attscale></attr><attr><attrlabl Sync="TRUE">BLACK</attrlabl><attalias Sync="TRUE">BLACK</attalias><attrtype Sync="TRUE">Double</attrtype><attwidth Sync="TRUE">16</attwidth><atprecis Sync="TRUE">15</atprecis><attscale Sync="TRUE">6</attscale></attr><attr><attrlabl Sync="TRUE">COUNT</attrlabl><attalias Sync="TRUE">COUNT</attalias><attrtype Sync="TRUE">Double</attrtype><attwidth Sync="TRUE">16</attwidth><atprecis Sync="TRUE">15</atprecis><attscale Sync="TRUE">6</attscale></attr><attr><attrlabl Sync="TRUE">lat</attrlabl><attalias Sync="TRUE">lat</attalias><attrtype Sync="TRUE">Double</attrtype><attwidth Sync="TRUE">16</attwidth><atprecis Sync="TRUE">15</atprecis><attscale Sync="TRUE">6</attscale></attr><attr><attrlabl Sync="TRUE">long</attrlabl><attalias Sync="TRUE">long</attalias><attrtype Sync="TRUE">Double</attrtype><attwidth Sync="TRUE">16</attwidth><atprecis Sync="TRUE">15</atprecis><attscale Sync="TRUE">6</attscale></attr></detailed></eainfo><mdDateSt Sync="TRUE">20191210</mdDateSt></metadata>
